Title,Link,Developer,Publisher,Release_JP,Plots
Q.U.B.E. 2,/wiki/Q.U.B.E._2,Toxic Games,Trapped Nerve Games,"February 21, 2019",
Qbics Paint,,Abylight Studios,Abylight Studios,"July 27, 2017",
Qbik,,Norbert Palacz,Forever Entertainment,"January 18, 2018",
Quad Fighter K,,Happymeal,Happymeal,"February 22, 2018",
Quake,/wiki/Quake_(video_game),id Software,Bethesda Softworks,"August 19, 2021",
Quarantine Circular,/wiki/Quarantine_Circular,Mike Bithell Games,Mike Bithell Games,"December 8, 2018",
Quest of Dungeons,/wiki/Quest_of_Dungeons,Upfall Studios,JP:Flyhigh WorksWW:Upfall Studios,"August 10, 2017",
QV,,Izzle,CFK,"November 26, 2020",
Quiz Seikai wa Ichinengo presents Atsushi no Meitantei,,Happymeal,Phoenixx,"December 31, 2023",
R-Type Dimensions EX,/wiki/R-Type_Dimensions_EX,Irem,Tozai Games,"November 28, 2018",
R-Type Final 2,/wiki/R-Type_Final_2,Granzella,JP:GranzellaWW:NIS America,"April 29, 2021",
Rabbids: Party of Legends,/wiki/Rabbids:_Party_of_Legends,Ubisoft Chengdu,Ubisoft,"June 30, 2022",
Rabi Laby: Puzzle Out Stories,,Silver Star Japan,Silver Star Japan,"May 24, 2018",
Race with Ryan,,3DClouds,Outright Games,"November 1, 2019",
Rad,/wiki/Rad_(video_game),Double Fine,Bandai Namco Entertainment,"August 20, 2019",
Rad Rodgers Radical Edition,/wiki/Rad_Rodgers_Radical_Edition,Slipgate Studios,JP:Worker BeeWW:HandyGames,"February 26, 2019",
Radiant Silvergun,/wiki/Radiant_Silvergun,Treasure,Live Wire,"September 13, 2022",
Radiant Tale,,Design Factory,Idea Factory,"May 26, 2022",
Radiant Tale: Fanfare!,,Idea Factory,Idea Factory,"August 31, 2023",
Radiation Island,/wiki/Radiation_Island,Atypical Games,Atypical Games,"February 22, 2018",
Radirgy Swag,,RS34,RS34,"June 13, 2019",
Rage in Peace,/wiki/Rage_in_Peace,Rolling Glory Jam,Toge Productions,"November 8, 2018",
Rage of the Dragons,/wiki/Rage_of_the_Dragons,QUByte Interactive,QUByte Interactive,TBA,
Raging Loop,/wiki/Raging_Loop,Kemco,JP:KemcoWW:PQube,"August 3, 2017",
Raiden V: Director’s Cut,/wiki/Raiden_V:_Director%E2%80%99s_Cut,Moss,UFO Interactive Games,"July 25, 2019",
Railbound,/wiki/Railbound,Afterburn,7Levels,"December 1, 2022",
Railway Empire,/wiki/Railway_Empire,Gaming Minds Studios,JP:UbisoftWW:Kalypso Media,"February 14, 2020",
Rainbow Billy: The Curse of the Leviathan,/wiki/Rainbow_Billy:_The_Curse_of_the_Leviathan,ManaVoid Entertainment,Skybound Games,"October 5, 2021",
Rain World,/wiki/Rain_World,Videocult,Adult Swim Games,"December 13, 2018",
Raji: An Ancient Epic,/wiki/Raji:_An_Ancient_Epic,Nodding Heads Games,Super.com,"August 18, 2020",
Rally Racers,,West Coast Software,System 3,"January 11, 2018",
Rashomon of Shinjuku,,Altergear,Idea Factory,"August 8, 2024",
Raspberry Mash,,Ignition M,Ignition M,"February 18, 2021",
The Raven Remastered,/wiki/The_Raven_Remastered,King Art Games,THQ Nordic,"January 21, 2019",
Rayman Legends,/wiki/Rayman_Legends,Ubisoft Montpellier,Ubisoft,"September 12, 2017",
R.B.I. Baseball 17,/wiki/R.B.I._Baseball_17,Nighthawk Interactive,MLB Advanced Media,"September 5, 2017",
R.B.I. Baseball 18,/wiki/R.B.I._Baseball_18,MLB Advanced Media,MLB Advanced Media,"June 14, 2018",
R.B.I. Baseball 19,/wiki/R.B.I._Baseball_19,MLB Advanced Media,MLB Advanced Media,"March 5, 2019",
R.B.I. Baseball 20,/wiki/R.B.I._Baseball_20,MLB Advanced Media,MLB Advanced Media,"March 16, 2020",
R.B.I. Baseball 21,/wiki/R.B.I._Baseball_21,MLB Advanced Media,MLB Advanced Media,"March 16, 2021",
Read Only Memories: Neurodiver,/wiki/Read_Only_Memories:_Neurodiver,MidBoss,MidBoss,"May 16, 2024",
Real Heroes: Firefighter,/wiki/Real_Heroes:_Firefighter,"Epicenter Studios, Scientifically Proven Entertainment","612 Entertainment, Golem Entertainment","November 27, 2019",
Realm Royale,/wiki/Realm_Royale,Heroic Leap Games,Hi-Rez Studios,"June 20, 2019",
RealMyst: Masterpiece Edition,/wiki/RealMyst:_Masterpiece_Edition,Cyan Worlds,Cyan Worlds,"May 21, 2020",
Rebel Galaxy Outlaw,/wiki/Rebel_Galaxy_Outlaw,Double Damage Games,Double Damage Games,"September 22, 2020",
Record of Agarest War,/wiki/Record_of_Agarest_War,Compile Heart,Aksys Games,March 2023,
Record of Lodoss War: Deedlit in Wonder Labyrinth,/wiki/Record_of_Lodoss_War:_Deedlit_in_Wonder_Labyrinth,"Team Ladybug, Why So Serious?",Playism,"December 16, 2021",
The Red Bell's Lament,,Voltage,Voltage,2025,
Red Dead Redemption,/wiki/Red_Dead_Redemption,Double Eleven,Rockstar Games,"August 17, 2023",
Red Faction: Guerrilla Re-Mars-tered,/wiki/Red_Faction:_Guerrilla_Re-Mars-tered,Kaiko,THQ Nordic,"July 2, 2023",
The Red Strings Club,/wiki/The_Red_Strings_Club,Deconstructeam,Devolver Digital,"March 14, 2019",
Redeemer: Enhanced Edition,/wiki/Redeemer:_Enhanced_Edition,Sobaka Studio,JP:TeyonWW:Good Shepherd Entertainment,"July 19, 2019",
Redout,/wiki/Redout_(video_game),34BigThings,Nicalis,"May 14, 2019",
Redout 2,/wiki/Redout_(video_game),34BigThings,Saber Interactive,2022,
Reel Fishing: Road Trip Adventure,/wiki/Reel_Fishing:_Road_Trip_Adventure,Natsume Inc.,Natsume Inc.,"September 17, 2019",
Regalia: Of Men and Monarchs – Royal Edition,,Pixelated Milk,"Klabater, Crunching Koalas","April 12, 2018",
"Reggie, His Cousin, Two Scientists and Most Likely the End of the World",,Degoma,Degoma,TBA,
Reigns: Beyond,/wiki/Reigns:_Beyond,Nerial,Devolver Digital,"April 17, 2024",
Reigns: Game of Thrones,/wiki/Reigns:_Game_of_Thrones,Nerial,Devolver Digital,"April 11, 2019",
Reigns: Kings & Queens,/wiki/Reigns:_Kings_%26_Queens,Nerial,Devolver Digital,"September 20, 2018",
RemiLore: Lost Girl in the Lands,,"PixeLore, Remimory",Nicalis,"February 26, 2019",
Remnant: From the Ashes,/wiki/Remnant:_From_the_Ashes,Gunfire Games,THQ Nordic,TBA,
Remothered: Broken Porcelain,/wiki/Remothered:_Broken_Porcelain,Stormind Games,Darril Arts,"October 13, 2020",
Remothered: Tormented Fathers,/wiki/Remothered:_Tormented_Fathers,Stormind Games,Darril Arts,"June 27, 2019",
Research and Destroy,,Implausible Industries,Spike Chunsoft,TBA,
Resident Evil,/wiki/Resident_Evil_HD_Remastered,Capcom,Capcom,"May 21, 2019",
Resident Evil 0,/wiki/Resident_Evil_0,Capcom,Capcom,"May 21, 2019",
Resident Evil 2,/wiki/Resident_Evil_2_(2019_video_game),Capcom,Capcom,"November 11, 2022",
Resident Evil 3,/wiki/Resident_Evil_3_(2020_video_game),Capcom,Capcom,"November 18, 2022",
Resident Evil 4,/wiki/Resident_Evil_4,Capcom,Capcom,"May 21, 2019",
Resident Evil 5,/wiki/Resident_Evil_5,Capcom,Capcom,"October 29, 2019",
Resident Evil 6,/wiki/Resident_Evil_6,Capcom,Capcom,"October 29, 2019",
Resident Evil 7: Biohazard,/wiki/Resident_Evil_7:_Biohazard,Capcom,Capcom,"May 24, 2018",
Resident Evil: Origins Collection,/wiki/Resident_Evil:_Origins_Collection,Capcom,Capcom,"May 21, 2019",
Resident Evil: Revelations,/wiki/Resident_Evil:_Revelations,Capcom,Capcom,"November 28, 2017",
Resident Evil: Revelations 2,/wiki/Resident_Evil:_Revelations_2,Capcom,Capcom,"November 28, 2017",
Resident Evil Village,/wiki/Resident_Evil_Village,Capcom,Capcom,"October 28, 2022",
Retro City Rampage DX,/wiki/Retro_City_Rampage_DX,Vblank Entertainment,Vblank Entertainment,"August 3, 2017",
Retro Game Challenge 1 + 2 Replay,,Namco Bandai Entertainment,Namco Bandai Entertainment,"February 22, 2024",
Retro Bowl,/wiki/Retro_Bowl,New Star Games,New Star Games,"February 10, 2022",
Retro Goal,/wiki/Retro_Goal,New Star Games,New Star Games,"November 24, 2022",
Return of the Obra Dinn,/wiki/Return_of_the_Obra_Dinn,3909,3909,"October 18, 2019",
Return to Monkey Island,/wiki/Return_to_Monkey_Island,Terrible Toybox,Devolver Digital,"September 19, 2022",
Revenant Dogma,/wiki/Revenant_Dogma,Exe Create,Kemco,"October 4, 2018",
Revenant Saga,/wiki/Revenant_Saga,Exe Create,Kemco,"October 19, 2017",
Revenge of Justice,,City Connection,Kemco,"March 26, 2020",
Reverie: Sweet As Edition,/wiki/Reverie:_Sweet_As_Edition,Rainbite,Rainbite,"February 7, 2019",
Reverie Knights Tactics,/wiki/Reverie_Knights_Tactics,40 Giants Entertainment,1C Entertainment,"January 25, 2022",
Revita,/wiki/Revita,BenStar,Dear Villagers,"April 21, 2022",
Reynatis,/wiki/Reynatis,"Natsume Atari,FuRyu","FuRyu,NIS America","July 25, 2024",
Re:Zero -Starting Life in Another World-: The Prophecy of the Throne,/wiki/Re:Zero_-Starting_Life_in_Another_World-:_The_Prophecy_of_the_Throne,Chime,Spike Chunsoft,"January 28, 2021",
Rico: London,,Ground Shatter,"Aksys Games, Numskull Games","December 9, 2021",
Riki 8Bit Game Collection,,City Connection,City Connection,"November 28, 2024",
Rime,/wiki/Rime_(video_game),"Tequila Works,Tantalus",Grey Box,"November 14, 2017",
Ring Fit Adventure,/wiki/Ring_Fit_Adventure,Nintendo EPD,Nintendo,"October 18, 2019",
Rise Eterna,/wiki/Rise_Eterna,Makee,Forever Entertainment,"May 13, 2021",
The Rise of the Golden Idol,/wiki/The_Rise_of_the_Golden_Idol,Color Gray Games,Playstack,"November 13, 2024",
Rise of the Triad Remastered,/wiki/Rise_of_the_Triad_Remastered,"Destructive Creations, Apogee Software",3D Realms,2021,
Risen,/wiki/Risen_(video_game),Piranha Bytes,THQ Nordic,"January 24, 2023",
Rising Hell,,Toge Productions,Chorus Worldwide,"May 21, 2021",
Risk of Rain,/wiki/Risk_of_Rain,Hopoo Games,Chucklefish,"September 20, 2018",
Risk of Rain 2,/wiki/Risk_of_Rain_2,Hopoo Games,JP:Gearbox PublishingWW:Chucklefish,"August 30, 2019",
Rival Megagun,,Mango Protocol,Mango Protocol,"November 29, 2018",
Rivals of Aether,/wiki/Rivals_of_Aether,Petra Jurošková,Dan Fornace,"September 24, 2020",
Rive,/wiki/Rive_(video_game),"Two Tribes,Engine Software",JP:Flyhigh WorksWW:Two Tribes,"November 17, 2017",
River City Girls,/wiki/River_City_Girls,WayForward,Arc System Works,"September 5, 2019",
River City Girls 2,/wiki/River_City_Girls_2,WayForward,Arc System Works,2022,
River City Girls Zero,/wiki/River_City_Girls_Zero,WayForward,Arc System Works,"February 14, 2022",
River City Melee Mach,/wiki/River_City_Melee_Mach,WayForward,Arc System Works,"October 10, 2019",
Riverbond,,Cococucumber,Cococucumber,"December 10, 2019",
Road to Guangdong,,Just Add Oil Games,Excalibur Games,"August 28, 2020",
Robonauts,/wiki/Robonauts,QubicGames,QubicGames,"September 15, 2017",
Robotics;Notes Dash,/wiki/Robotics;Notes_Dash,5pb.,JP:5pb.WW:Spike Chunsoft,"January 31, 2019",
Robotics;Notes Elite,/wiki/Robotics;Notes_Elite,5pb.,JP:5pb.WW:Spike Chunsoft,"January 31, 2019",
Rock 'N Racing Off Road DX,,EnjoyUp Games,JP:StarsignWW:EnjoyUp Games,"November 9, 2017",
Rock of Ages 2: Bigger & Boulder,/wiki/Rock_of_Ages_2:_Bigger_%26_Boulder,Ace Team,Sega,"May 14, 2019",
Rock of Ages III: Make & Break,/wiki/Rock_of_Ages_III:_Make_%26_Break,"Giant Monkey Robot,Ace Team",JP:3gooWW:Modus Games,"July 21, 2020",
Rocket League,/wiki/Rocket_League,"Psyonix,Panic Button",Psyonix,"November 14, 2017",
Rockets Rockets Rockets,/wiki/Rockets_Rockets_Rockets,Radial Games,Radial Games,"November 15, 2018",
Roguebook,/wiki/Roguebook,Abrakam Entertainment,Nacon,"April 21, 2022",
Rogue Company,/wiki/Rogue_Company,Hi-Rez Studios,Hi-Rez Studios,"October 1, 2020",
Rogue Heroes: Ruins of Tasos,/wiki/Rogue_Heroes:_Ruins_of_Tasos,Heliocentric Studios,Team17,"February 23, 2021",
Rogue Legacy,/wiki/Rogue_Legacy,Cellar Door Games,Cellar Door Games,"November 6, 2018",
Rogue Legacy 2,/wiki/Rogue_Legacy_2,Cellar Door Games,Cellar Door Games,"November 9, 2022",
Rogue Lords,,"Cyanide Studio, Leikir Studio",Nacon,2021,
Rogue Trooper Redux,/wiki/Rogue_Trooper_Redux,"Rebellion Developments, TickTock Games",Rebellion Developments,"October 17, 2017",
RollerCoaster Tycoon 3,/wiki/RollerCoaster_Tycoon_3,Frontier Developments,Frontier Developments,"September 24, 2020",
RollerCoaster Tycoon Adventures,/wiki/RollerCoaster_Tycoon_Adventures,Nvizzio Creations,Atari,"December 6, 2018",
RollerCoaster Tycoon Classic,/wiki/RollerCoaster_Tycoon_Classic,Graphite Lab,Atari,"December 5, 2024",
Roller Champions,/wiki/Roller_Champions,Ubisoft Montreal,Ubisoft,2021,
Romancelvania: BATchelor's Curse,,Deep End Games,Deep End Games,2021,
Romance of the Three Kingdoms XIII,/wiki/Romance_of_the_Three_Kingdoms_XIII,Koei,Koei Tecmo,"March 30, 2017",
Romancing SaGa 2,/wiki/Romancing_SaGa_2,ArtePiazza,Square Enix,"December 15, 2017",
Romancing SaGa 3,/wiki/Romancing_SaGa_3,ArtePiazza,Square Enix,"November 11, 2019",
Romancing SaGa: Minstrel Song Remastered,/wiki/Romancing_SaGa:_Minstrel_Song,Square Enix,Square Enix,"December 1, 2022",
The Room,/wiki/The_Room_(video_game),Fireproof Games,Team17,"October 18, 2018",
Root Film,/wiki/Root_Film,Kadokawa Games,JP:Kadokawa GamesWW:PQube,"July 30, 2020",
Root Letter: Last Answer,/wiki/Root_Letter:_Last_Answer,Kadokawa Games,JP:Kadokawa GamesWW:PQube,"December 20, 2018",
Roots of Pacha,/wiki/Roots_of_Pacha,Soda Den,Soda Den,"April 25, 2023",
Royal Anapoko Academy,,Ancient,Ancient,"December 16, 2021",
RPGolf Legends,,ArticNet,Kemco,"January 20, 2022",
RPG Maker MV,/wiki/RPG_Maker_MV,Enterbrain,Kadokawa Games,"November 15, 2018",
RPG Time: The Legend of Wright,/wiki/RPG_Time:_The_Legend_of_Wright,DeskWorks,Aniplex,"August 18, 2022",
Rugrats: Adventures in Gameland,,Wallride,The MIX Games,"September 10, 2024",
Ruined King: A League of Legends Story,/wiki/Ruined_King:_A_League_of_Legends_Story,Airship Syndicate,Riot Forge,"November 16, 2021",
Ruiner,/wiki/Ruiner_(video_game),Reikon Games,Devolver Digital,"June 18, 2020",
Runbow,/wiki/Runbow,"13AM Games,Headup Games",Rainy Frog,"July 3, 2018",
Rune Factory 3 Special,/wiki/Rune_Factory_3_Special,Marvelous,JP:MarvelousWW:Xseed Games,"March 2, 2023",
Rune Factory 4 Special,/wiki/Rune_Factory_4_Special,Marvelous,JP:MarvelousWW:Xseed Games,"July 25, 2019",
Rune Factory 5,/wiki/Rune_Factory_5,Marvelous,JP:MarvelousWW:Xseed Games,"May 20, 2021",
Runestone Keeper,/wiki/Runestone_Keeper,"Innoteg, Cimu Games",Circle Entertainment,"August 20, 2020",
Runner3,/wiki/Runner3,Choice Provisions,Choice Provisions,"May 22, 2018",
RWBY: Grimm Eclipse – Definitive Edition,/wiki/RWBY:_Grimm_Eclipse,Rooster Teeth Games,Aspyr,"May 13, 2021",
RWBY: Arrowfell,/wiki/RWBY:_Arrowfell,WayForward,Arc System Works,2022,
RXN: Raijin,,Gulti,Kayac,"December 14, 2017",
Ryan's Rescue Squad,,Stage Clear Studios,Outright Games,"March 4, 2022",
Rhythm Heaven Groove,/wiki/Rhythm_Heaven_Groove,Nintendo SPD,Nintendo,2026,
The Ryuo's Work Is Never Done!,/wiki/The_Ryuo%27s_Work_Is_Never_Done!,Entergram,Entergram,"December 17, 2020",
Saboteur,/wiki/Saboteur_(1985_video_game),Clive Townsend,SimFabric,"November 9, 2018",
Sacred Stones,,CFK,CFK,"December 12, 2019",
SacriFire,,Pixelated Milk,Pixelated Milk,2022,
SaGa: Scarlet Grace,/wiki/SaGa:_Scarlet_Grace,Square Enix,Square Enix,"August 2, 2018",
SaGa Frontier Remastered,/wiki/SaGa_Frontier_Remastered,Square Enix,Square Enix,"April 15, 2021",
Sakaagari Hurricane Portable,,Giga,Entergram,"October 28, 2021",
Saint Kotar,/wiki/Saint_Kotar,Red Martyr Entertainment,Soedesco,"October 14, 2022",
Saints Row: The Third,/wiki/Saints_Row:_The_Third,Volition,JP:Koch MediaWW:Deep Silver,"May 9, 2019",
Saints Row IV: Re-Elected,/wiki/Saints_Row_IV:_Re-Elected,Volition,Deep Silver,"March 27, 2020",
Sakuna: Of Rice and Ruin,/wiki/Sakuna:_Of_Rice_and_Ruin,Edelweiss,Xseed Games,"November 10, 2020",
Sally's Law,,Nanali Studios,Nanali Studios,"April 4, 2018",
Salt and Sanctuary,/wiki/Salt_and_Sanctuary,Ska Studios,Ska Studios,"August 2, 2018",
Saltsea Chronicles,/wiki/Saltsea_Chronicles,Die Gute Fabrik,Die Gute Fabrik,"October 12, 2023",
Sam & Max Beyond Time and Space Remastered,/wiki/Sam_%26_Max_Beyond_Time_and_Space_Remastered,Skunkape Games,Skunkape Games,"December 8, 2021",
Sam & Max Save the World Remastered,/wiki/Sam_%26_Max_Save_the_World_Remastered,Skunkape Games,Skunkape Games,"December 2, 2020",
Sam & Max: The Devil's Playhouse Remastered,/wiki/Sam_%26_Max:_The_Devil%27s_Playhouse_Remastered,Skunkape Games,Skunkape Games,"August 14, 2024",
Samba de Amigo: Party Central,/wiki/Samba_de_Amigo:_Party_Central,Sega,Sega,"August 29, 2023",
Samurai Gunn 2,/wiki/Samurai_Gunn_2,Teknopants,Maxistentialism,TBA,
Samurai Jack: Battle Through Time,/wiki/Samurai_Jack:_Battle_Through_Time,Soleil Ltd.,JP:DMM GamesWW:Adult Swim Games,"August 21, 2020",
Samurai Shodown,/wiki/Samurai_Shodown_(2019_video_game),SNK,SNK,"December 12, 2019",
Samurai Shodown NeoGeo Collection,/wiki/Samurai_Shodown_NeoGeo_Collection,SNK,SNK,"June 11, 2020",
Samurai Warriors 5,/wiki/Samurai_Warriors_5,Omega Force,Koei Tecmo,"June 24, 2021",
Samurai Warriors: Spirit of Sanada,/wiki/Samurai_Warriors:_Spirit_of_Sanada,Omega Force,Koei Tecmo,"November 9, 2017",
Sanrio Characters Miracle Match: Magical Onigokko,,Imagineer,Imagineer,"March 27, 2025",
Saturday Morning RPG,/wiki/Saturday_Morning_RPG,Mighty Rabbit Studios,Limited Run Games,"April 26, 2018",
Sausage Sports Club,,Luckshot Games,Luckshot Games,"July 19, 2018",
Save Me Mr Tako,/wiki/Save_Me_Mr_Tako,Deneos Games,Nicalis,"October 30, 2018",
Save Me Mr Tako: Definitive Edition,/wiki/Save_Me_Mr_Tako,Deneos Games,Limited Run Games,"May 5, 2021",
Saviors of Sapphire Wings,,Experience,NIS America,"March 16, 2021",
Sayonara Wild Hearts,/wiki/Sayonara_Wild_Hearts,Simogo,Annapurna Interactive,"September 19, 2019",
Schlag den Star: Das Spiel,/wiki/Schlag_den_Star:_Das_Spiel,Lost the Game Studios,BitComposer Interactive,"September 29, 2017",
Scott Pilgrim vs. the World: The Game - Complete Edition,/wiki/Scott_Pilgrim_vs._the_World:_The_Game_-_Complete_Edition,Engine Software,Ubisoft,"January 14, 2021",
ScourgeBringer,,"Flying Oak Games, E-Studio",Dear Villagers,"October 21, 2020",
Screencheat: Unplugged,/wiki/Screencheat:_Unplugged,Samurai Punk,Surprise Attack,"November 29, 2018",
Scribblenauts Mega Pack,/wiki/Scribblenauts_Mega_Pack,Shiver Entertainment,WB Games,"September 18, 2018",
Scribblenauts Showdown,/wiki/Scribblenauts_Showdown,Shiver Entertainment,Warner Bros. Interactive Entertainment,"March 6, 2018",
SD Gundam G Generation Cross Rays,/wiki/SD_Gundam_G_Generation_Cross_Rays,Bandai Namco Studios,Bandai Namco Entertainment,"November 28, 2019",
SD Gundam G Generation Genesis,/wiki/SD_Gundam_G_Generation_Genesis,Bandai Namco Studios,Bandai Namco Entertainment,"April 26, 2018",
Sea of Solitude: The Director's Cut,/wiki/Sea_of_Solitude,Jo-Mei Games,Quantic Dream,"March 4, 2021",
Sea of Stars,/wiki/Sea_of_Stars,Sabotage Studio,Sabotage Studio,"August 29, 2023",
Seek Hearts,/wiki/Seek_Hearts,Exe Create,Kemco,"January 16, 2020",
Sega Genesis Classics,/wiki/Sega_Genesis_Classics,d3t,Sega,"December 6, 2018",
Semblance,/wiki/Semblance_(video_game),Nyamakop,Nyamakop,"July 24, 2018",
Semispheres,,Vivid Helix,Vivid Helix,"September 14, 2017",
Sense: A Cyberpunk Ghost Story,/wiki/Sense:_A_Cyberpunk_Ghost_Story,Suzaku,Top Hat Studios,"January 7, 2021",
Senran Kagura: Peach Ball,/wiki/Senran_Kagura:_Peach_Ball,Marvelous,Marvelous,"December 13, 2018",
Senran Kagura: Reflexions,/wiki/Senran_Kagura:_Reflexions,Marvelous,NA:Xseed GamesPAL:Marvelous,"November 24, 2017",
Senri no Kifu: Gendai Shougi Mystery,,Kemco,Kemco,"February 27, 2020",
Sephonie,,Analgesic Productions,Ratalaika Games,"July 21, 2023",
Serial Cleaner,/wiki/Serial_Cleaner,iFun4all,Curve Digital,"November 30, 2017",
Serial Cleaners,/wiki/Serial_Cleaners,Draw Distance,Draw Distance,2021,
Serious Sam Collection,/wiki/Serious_Sam,Croteam,Devolver Digital,"November 17, 2020",
Seven Knights: Time Wanderer,,Netmarble,Netmarble,"November 5, 2020",
Severed,/wiki/Severed_(video_game),DrinkBox Studios,JP:Flyhigh WorksWW:DrinkBox Studios,"August 8, 2017",
The Sexy Brutale,/wiki/The_Sexy_Brutale,"Tequila Works, Cavalier Game Studios",JP:Nippon Ichi SoftwareWW:Tequila Works,"December 7, 2017",
Shadow Corridor,,Kazuki Shiroma,JP:RegistaWW:NIS America,"August 8, 2019",
Shadow Labyrinth,/wiki/Shadow_Labyrinth,Bandai Namco Studios,Bandai Namco Entertainment,"July 18, 2025",
Shadow Man Remastered,/wiki/Shadow_Man_Remastered,Nightdive Studios,Nightdive Studios,"January 17, 2022",
Shadowgate,/wiki/Shadowgate,Abstraction Games,Abstraction Games,"April 11, 2019",
Shadowrun: Dragonfall - Director's Cut,/wiki/Shadowrun:_Dragonfall_-_Director%27s_Cut,Paradox Interactive,Paradox Interactive,"June 21, 2022",
Shadowrun: Hong Kong,/wiki/Shadowrun:_Hong_Kong,Paradox Interactive,Paradox Interactive,"June 21, 2022",
Shadowrun Returns,/wiki/Shadowrun_Returns,Paradox Interactive,Paradox Interactive,"June 21, 2022",
Shadowverse: Champion's Battle,/wiki/Shadowverse:_Champion%27s_Battle,Cygames,JP:CygamesNA:Xseed GamesPAL:Marvelous Europe,"November 5, 2020",
Shakedown: Hawaii,/wiki/Shakedown:_Hawaii,Vblank Entertainment,Vblank Entertainment,"May 7, 2019",
Shantae,/wiki/Shantae_(video_game),WayForward,WayForward,"April 22, 2021",
Shantae: Half-Genie Hero,/wiki/Shantae:_Half-Genie_Hero,WayForward,WayForward,"June 8, 2017",
Shantae: Risky's Revenge - Director's Cut,/wiki/Shantae:_Risky%27s_Revenge_-_Director%27s_Cut,WayForward,WayForward,"October 15, 2020",
Shantae Advance: Risky Revolution,/wiki/Shantae_Advance:_Risky_Revolution,WayForward,WayForward,"August 19, 2025",
Shantae and the Pirate's Curse,/wiki/Shantae_and_the_Pirate%27s_Curse,WayForward,WayForward,"March 20, 2018",
Shantae and the Seven Sirens,/wiki/Shantae_and_the_Seven_Sirens,WayForward,JP:Oizumi AmuzioWW:WayForward,"May 28, 2020",
Shattered – Tale of the Forgotten King,/wiki/Shattered_%E2%80%93_Tale_of_the_Forgotten_King,Redlock Studio,Forthright Entertainment,"April 22, 2022",
Shaolin5,,Burger Studio,Clouded Leopard Entertainment,TBA,
Shaq Fu: A Legend Reborn,/wiki/Shaq_Fu:_A_Legend_Reborn,Big Deez Productions,Saber Interactive,"June 5, 2018",
She Dreams Elsewhere,,Studio Zevere,Studio Zevere,TBA,
She and the Light Bearer,,Mojiken Studio,Toge Productions,"June 6, 2019",
Shelter Generations,,Circle Entertainment,Circle Entertainment,"April 12, 2018",
Sheltered,/wiki/Sheltered_(video_game),Unicube Studios,Team17,"December 18, 2018",
Sherlock Holmes: The Awakened,/wiki/Sherlock_Holmes:_The_Awakened_(2023_video_game),Frogwares,Frogwares,"April 11, 2023",
Sherlock Holmes: Crimes & Punishments,/wiki/Sherlock_Holmes:_Crimes_%26_Punishments,Frogwares,Frogwares,"February 3, 2022",
Sherlock Holmes: The Devil's Daughter,/wiki/Sherlock_Holmes:_The_Devil%27s_Daughter,Frogwares,Frogwares,"April 7, 2022",
Shift Quantum,,Fishing Cactus,Red Panda Interactive,"May 29, 2018",
Shikabanegurai no Boukenmeshi,,Nippon Ichi Software,Nippon Ichi Software,"January 27, 2022",
Shin Megami Tensei III: Nocturne HD Remaster,/wiki/Shin_Megami_Tensei_III:_Nocturne_HD_Remaster,Atlus,Atlus,"October 29, 2020",
Shin Megami Tensei V,/wiki/Shin_Megami_Tensei_V,Atlus,WW:AtlusPAL:Nintendo,"November 11, 2021",
Shing!,,Mass Creation,Mass Creation,"January 21, 2021",
Spirit Hunter: Death Mark II,/wiki/Spirit_Hunter:_Death_Mark_II,Experience,Experience,"December 1, 2022",
Shining Resonance Refrain,/wiki/Shining_Resonance_Refrain,Sega,Sega,"July 10, 2018",
Shinobi: Art of Vengeance,/wiki/Shinobi:_Art_of_Vengeance,"Lizardcube, Seaven Studios",Sega,"August 29, 2025",
"Shinobi, Koi Utsutsu: Banka Aya Emaki",,Idea Factory,Idea Factory,"August 27, 2020",
Shinobi non Grata,,"Studio PICO, Esquadra",Flyhigh Works,Q1 2023,
Shinrai,,Gosatsu Visual Novels,Ratalaika Games,"October 29, 2021",
Shiren the Wanderer: The Tower of Fortune and the Dice of Fate,/wiki/Shiren_the_Wanderer:_The_Tower_of_Fortune_and_the_Dice_of_Fate,Spike Chunsoft,Spike Chunsoft,"December 2, 2020",
Shiritsu BeruBara Gakuen: Versailles no Bara Re*Imagination,,Idea Factory,Idea Factory,"May 23, 2019",
Shironeko New Project,/wiki/Shironeko_New_Project,Colopl,Colopl,TBA,
Shinsekai: Into the Depths,/wiki/Shinsekai:_Into_the_Depths,Capcom,Capcom,"March 26, 2020",
A Short Hike,/wiki/A_Short_Hike,Adamgryu,JP:WhippoorwillWW:Adamgryu,"August 18, 2020",
Shotgun Cop Man,/wiki/Shotgun_Cop_Man,DeadToast Entertainment,Devolver Digital,"May 1, 2025",
Shovel Knight,/wiki/Shovel_Knight,Yacht Club Games,Yacht Club Games,"March 3, 2017",
Shovel Knight Dig,/wiki/Shovel_Knight_Dig,Nitrome,Yacht Club Games,"September 23, 2022",
Shovel Knight: Pocket Dungeon,/wiki/Shovel_Knight:_Pocket_Dungeon,Vine,Yacht Club Games,"December 13, 2021",
The Shrouded Isle,/wiki/The_Shrouded_Isle,Kitfox Games,Kitfox Games,"January 17, 2019",
Shu,,Coatsink,Coatsink,"January 23, 2018",
Shuryou no Suiri Ryouiki: Ougon Shima no Mitsuyaku,,Orange,Orange,"July 1, 2021",
Siegecraft Commander,,Blowfish Studios,Blowfish Studios,"September 19, 2018",
Sifu,/wiki/Sifu_(video_game),Sloclap,Sloclap,"November 8, 2022",
Signalis,/wiki/Signalis,rose-engine,"Humble Games,Playism","October 27, 2022",
Silent World,,GniFrix,CFK,"March 19, 2020",
Silt,/wiki/Silt_(video_game),Spiral Circus,Fireshine Games,"June 1, 2022",
The Silver Case,/wiki/The_Silver_Case,"Grasshopper Manufacture,Active Gaming Media",Playism,"February 18, 2021",
Sine Mora EX,/wiki/Sine_Mora_EX,"Digital Reality,Grasshopper Manufacture",THQ Nordic,"September 26, 2017",
The Sinking City,/wiki/The_Sinking_City,Frogwares,Bigben Interactive,"September 12, 2019",
Sinner: Sacrifice for Redemption,/wiki/Sinner:_Sacrifice_for_Redemption,Dark Star,Another Indie,"October 18, 2018",
Sir Eatsalot,,Behind the Stone,EastAsiaSoft,"January 9, 2020",
Sisters Royale,,Alfa System,JP:Alfa SystemWW:Chorus Worldwide,"June 14, 2018",
Sixtar Gate: Startrail,,"Lyrebird Studio, Magical Works",CFK,2021,
Skatebird,/wiki/Skatebird,Glass Bottom Gaming,Glass Bottom Gaming,"September 16, 2021",
Skater XL,,Easy Day Studios,Easy Day Studios,TBA,
Skellboy,,Umaiki Games,Umaiki Games,"January 30, 2020",
Skellboy Refractured,,Umaiki Games,Fabraz,"June 4, 2021",
Skies of Fury DX,,"Illumination Games, Seed Interactive",Ingenium,"April 12, 2018",
Skul: The Hero Slayer,,SouthPAW Games,Neowiz,"October 21, 2021",
Skullgirls 2nd Encore,/wiki/Skullgirls_2nd_Encore,Reverge Labs,"Marvelous,Autumn Games,Arc System Works","October 22, 2019",
Sky: Children of the Light,/wiki/Sky:_Children_of_the_Light,Thatgamecompany,Thatgamecompany,"June 29, 2021",
Skydrift Infinity,,Digital Reality,HandyGames,"July 29, 2021",
Sky Force Anniversary,/wiki/Sky_Force_Anniversary,Infinite Dreams,Infinite Dreams,"February 1, 2018",
Sky Force Reloaded,/wiki/Sky_Force_Reloaded,Infinite Dreams,Infinite Dreams,"November 8, 2018",
Skyforge,/wiki/Skyforge,"Allods Team,Obsidian Entertainment",My.com,"February 4, 2021",
Skylanders: Imaginators,/wiki/Skylanders:_Imaginators,"Toys for Bob,Vicarious Visions",Activision,"March 3, 2017",
Skypeace,,Sonic Powered,Sonic Powered,"April 26, 2018",
Slain: Back from Hell,/wiki/Slain:_Back_from_Hell,"Wolf Brew Games, Stage Clear Studios",Digerati,"December 7, 2017",
Slay the Spire,/wiki/Slay_the_Spire,MegaCrit,Humble Bundle,"June 6, 2019",
Slayaway Camp: Butcher's Cut,/wiki/Slayaway_Camp:_Butcher%27s_Cut,"Blue Wizard Digital, Stage Clear Studios",Stage Clear Studios,"March 22, 2018",
Slender: The Arrival,/wiki/Slender:_The_Arrival,Blue Isle Studios,Blue Isle Studios,"June 20, 2019",
Slime Tactics,,Altair Works,Flyhigh Works,"April 11, 2019",
Sludge Life,/wiki/Sludge_Life,"Terri Vellmann, Doseone",Devolver Digital,"June 2, 2021",
Smite,/wiki/Smite_(video_game),Titan Forge Games,Hi-Rez Studios,"January 24, 2019",
Smoke and Sacrifice,,Solar Sail Games,JP:TeyonWW:Curve Digital,"May 31, 2018",
Smurfs Kart,,Eden Games,Microids,"November 15, 2022",
The Smurfs: Mission Vileaf,/wiki/The_Smurfs:_Mission_Vileaf,OSome Studios,Microids,"November 5, 2021",
The Smurfs: Village Party,,Balio Studio,Microids,"June 6, 2024",
Snack World: The Dungeon Crawl – Gold,/wiki/Snack_World:_The_Dungeon_Crawl_%E2%80%93_Gold,Level-5,Level-5,"April 12, 2018",
Snake Core,/wiki/Snake_Core,OrangePixel,Orange Pixel,"February 26, 2023",
Snake.io,/wiki/Snake.io,Kooapps,Kooapps,"November 14, 2024",
Snake Pass,/wiki/Snake_Pass_(video_game),Sumo Digital,JP:KonamiWW:Sumo Digital,"March 28, 2017",
Snakeybus,,Stovetop Studios,Digerati,"April 2, 2020",
Sniper Elite III,/wiki/Sniper_Elite_III,Rebellion Developments,Rebellion Developments,"October 1, 2019",
Sniper Elite 4,/wiki/Sniper_Elite_4,Rebellion Developments,Rebellion Developments,"November 17, 2020",
Sniper Elite V2 Remastered,/wiki/Sniper_Elite_V2_Remastered,Rebellion Developments,Rebellion Developments,"May 14, 2019",
Snipperclips,/wiki/Snipperclips,SFB Games,Nintendo,"March 3, 2017",
Snipperclips Plus,/wiki/Snipperclips_Plus,SFB Games,Nintendo,"November 10, 2017",
SNK 40th Anniversary Collection,/wiki/SNK_40th_Anniversary_Collection,"SNK,Digital Eclipse",SNK,"November 13, 2018",
SNK Gals' Fighters,/wiki/SNK_Gals%27_Fighters,Code Mystics,SNK,"April 29, 2020",
SNK Heroines: Tag Team Frenzy,/wiki/SNK_Heroines:_Tag_Team_Frenzy,SNK,Nippon Ichi Software,"September 6, 2018",
SNK vs. Capcom: The Match of the Millennium,/wiki/SNK_vs._Capcom:_The_Match_of_the_Millennium,SNK,SNK,"February 17, 2021",
Snow Moto Racing Freedom,/wiki/Snow_Moto_Racing_Freedom,Zordix,Bigben Interactive,"November 24, 2017",
SnowRunner,/wiki/SnowRunner,Saber Interactive,Focus Home Interactive,"May 18, 2021",
Snooker 19,/wiki/Snooker_19,Lab42,Ripstone Games,"August 23, 2019",
Snufkin: Melody of Moominvalley,/wiki/Snufkin:_Melody_of_Moominvalley,Hyper Games,Raw Fury,"March 7, 2024",
Soccer Slammers,/wiki/Soccer_Slammers,Atooi,Atooi,"June 14, 2018",
Sol Cresta,/wiki/Sol_Cresta,PlatinumGames,PlatinumGames,"February 22, 2022",
Sol Divide: Sword of Darkness,/wiki/Sol_Divide:_Sword_of_Darkness,Zerodiv,Zerodiv,"March 22, 2018",
"Soldam: Drop, Connect, Erase","/wiki/Soldam:_Drop,_Connect,_Erase",City Connection,Dispatch Games,"March 3, 2017",
Solomon Program,,Konami,Konami,"February 25, 2021",
SolSeraph,,Ace Team,Sega,"July 10, 2019",
Solstice Chronicles: MIA,/wiki/Solstice_Chronicles:_MIA,Ironward,Circle Entertainment,"February 7, 2019",
Soma,/wiki/Soma_(video_game),Frictional Games,Abylight Studios,TBA,
Songbringer,/wiki/Songbringer,Wizard Fu Games,Double Eleven,"May 31, 2018",
Song of Nunu: A League of Legends Story,/wiki/Song_of_Nunu,Tequila Works,Riot Forge,"November 1, 2023",
Sonic Colors: Ultimate,/wiki/Sonic_Colors:_Ultimate,Blind Squirrel Games,Sega,"September 7, 2021",
Sonic Forces,/wiki/Sonic_Forces,Sonic Team,Sega,"November 7, 2017",
Sonic Frontiers,/wiki/Sonic_Frontiers,Sonic Team,Sega,"November 8, 2022",
Sonic Mania,/wiki/Sonic_Mania,"Headcannon, PagodaWest Games,Tantalus Media",Sega,"August 15, 2017",
Sonic Mania Plus,/wiki/Sonic_Mania_Plus,"Headcannon, PagodaWest Games,Tantalus Media",Sega,"July 17, 2018",
Sonic Origins,/wiki/Sonic_Origins,"Sonic Team, Headcannon",Sega,"June 23, 2022",
Sonic Origins Plus,/wiki/Sonic_Origins,"Sonic Team, Headcannon",Sega,"June 23, 2023",
Sonic Racing: CrossWorlds,/wiki/Sonic_Racing:_CrossWorlds,Sonic Team,Sega,"September 25, 2025",
Sonic Superstars,/wiki/Sonic_Superstars,"Arzest,Sonic Team",Sega,"October 17, 2023",
Sonic X Shadow Generations,/wiki/Sonic_X_Shadow_Generations,Sonic Team,Sega,"October 25, 2024",
Sonic Wings Reunion,/wiki/Aero_Fighters,Success,Hamster Corporation,"May 29, 2025",
Sonzai,,2 Odd Diodes,Top Hat Studios,2022,
Sorcerer Knights,,4WayStudio,Game Nacional,"January 1, 2022",
Souldiers,/wiki/Souldiers,Retro Forge,Dear Villagers,"June 2, 2022",
Source of Madness,,NIS America,NIS America,2021,
South Park: The Fractured but Whole,/wiki/South_Park:_The_Fractured_but_Whole,Ubisoft San Francisco,Ubisoft,"April 24, 2018",
South Park: Snow Day!,/wiki/South_Park:_Snow_Day!,Question LLC,THQ Nordic,"March 26, 2024",
South Park: The Stick of Truth,/wiki/South_Park:_The_Stick_of_Truth,Obsidian Entertainment,Ubisoft,"September 25, 2018",
Spacebase Startopia,,Realmforge Studios,Kalypso Media,"September 16, 2021",
Space Crew,/wiki/Space_Crew,Runner Duck,Curve Digital,"October 15, 2020",
Space Dave!,,Choice Provisions,Choice Provisions,"January 25, 2018",
A Space for the Unbound,/wiki/A_Space_for_the_Unbound,Mojiken Studio,"Toge Productions, Chorus Worldwide","January 19, 2023",
Space Invaders Forever,/wiki/Space_Invaders_Forever,Taito,JP:TaitoWW:Inin Games,"December 11, 2020",
Space Invaders Invincible Collection,/wiki/Space_Invaders_Invincible_Collection,Taito,JP:TaitoWW:Inin Games,"March 26, 2020",
Space Warlord Organ Trading Simulator,/wiki/Space_Warlord_Organ_Trading_Simulator,Strange Scaffold,Strange Scaffold,"April 29, 2022",
Sparkle 2,,10tons,10tons,"September 28, 2017",
Sparkle 2 Evo,/wiki/Sparkle_2_Evo,"Madman Theory Games, Plastic Games",JP:Rainy FrogWW:Forever Entertainment,"November 2, 2017",
Sparkle 3 Genesis,/wiki/Sparkle_3_Genesis,"Madman Theory Games, Plastic Games",JP:Rainy FrogWW:Forever Entertainment,"March 15, 2018",
Sparklite,,Red Blue Games,Merge Games,"November 14, 2019",
Speaking Simulator,,Affable Games,JP:Rainy FrogWW:Affable Games,"January 30, 2020",
Spectacular Sparky,,FreakZone Games,Nicalis,"October 20, 2021",
The Spectrum Retreat,/wiki/The_Spectrum_Retreat,Dan Smith,Ripstone Games,"September 13, 2018",
SpeedRunners,/wiki/SpeedRunners,DoubleDutch Games,TinyBuild,"January 23, 2020",
Spellbreak,/wiki/Spellbreak,Proletariat,Proletariat,"September 3, 2020",
Spelunker HD Deluxe,/wiki/Spelunker_HD,Irem Software Engineering,ININ Games,"August 6, 2021",
Spelunker Party!,/wiki/Spelunker_Party!,Tozai Games,Square Enix,"April 20, 2017",
Spelunky,/wiki/Spelunky,Mossmouth,Mossmouth,"August 26, 2021",
Spelunky 2,/wiki/Spelunky_2,"Mossmouth,BlitWorks",Mossmouth,"August 26, 2021",
Sphinx and the Cursed Mummy,/wiki/Sphinx_and_the_Cursed_Mummy,"THQ Nordic,Eurocom",THQ Nordic,"January 29, 2019",
Spice and Wolf VR,/wiki/Spice_and_Wolf_VR,Spicy Tails,Gemdrops,"September 5, 2019",
Spinch,,Queen Bee Games,Akupara Games,"September 3, 2020",
Spintires: MudRunner - American Wilds,/wiki/Spintires:_MudRunner_-_American_Wilds,Saber Interactive,JP:Oizumi AmuzioWW:Focus Home Interactive,"November 27, 2018",
Spiral Memoria: The Summer I Meet Myself,,Opera House,Digimerse,"July 30, 2020",
Spiritfarer,/wiki/Spiritfarer,Thunder Lotus Games,Thunder Lotus Games,"August 18, 2020",
SpiritSphere DX,,Eendhoorn,Fabraz,"July 2, 2018",
Spirit Hunter: NG,/wiki/Spirit_Hunter:_NG,Experience,JP:ExperienceWW:Aksys Games,"October 10, 2019",
Spirit Hunter: Death Mark II,/wiki/Spirit_Hunter:_Death_Mark_II,Experience,JP:ExperienceWW:Aksys Games,"December 1, 2022",
Spirit: Lucky's Big Adventure,/wiki/Spirit:_Lucky%27s_Big_Adventure,aheartfulofgames,Outright Games,"June 1, 2021",
Splasher,/wiki/Splasher_(video_game),SplashTeam,JP:Flyhigh WorksWW:Plug In Digital,"October 26, 2017",
Splatoon 2,/wiki/Splatoon_2,Nintendo EPD,Nintendo,"July 21, 2017",
Splatoon 3,/wiki/Splatoon_3,Nintendo EPD,Nintendo,"September 9, 2022",
SpongeBob SquarePants: Battle for Bikini Bottom – Rehydrated,/wiki/SpongeBob_SquarePants:_Battle_for_Bikini_Bottom_%E2%80%93_Rehydrated,Purple Lamp Studios,THQ Nordic,"June 23, 2020",
SpongeBob SquarePants: The Cosmic Shake,/wiki/SpongeBob_SquarePants:_The_Cosmic_Shake,Purple Lamp Studios,THQ Nordic,"January 31, 2023",
SpongeBob SquarePants: The Patrick Star Game,/wiki/SpongeBob_SquarePants:_The_Patrick_Star_Game,PHL Collective,Outright Games,"October 4, 2024",
Sports Story,,Sidebar Games,Sidebar Games,TBA,
Spy Bros.: Pipi & Bibi's DX,,RAWRLAB Games,RAWRLAB Games,"February 14, 2023",
Spyro: Reignited Trilogy,/wiki/Spyro:_Reignited_Trilogy,Toys for Bob,Activision,"September 3, 2019",
The Stanley Parable: Ultra Deluxe,/wiki/The_Stanley_Parable:_Ultra_Deluxe,"Galactic Cafe, Crows Crows Crows",Galactic Cafe,"April 27, 2022",
Star-Crossed Myth: The Department of Punishments,,Voltage,Voltage,"August 29, 2019",
Star-Crossed Myth: The Department of Wishes,,Voltage,Voltage,"August 29, 2019",
Star Melody: Yumemi Dreamer,,Kogado Studio,Kogado Studio,2021,
Star Ocean: First Departure R,/wiki/Star_Ocean:_First_Departure_R,Tri-Ace,Square Enix,"December 5, 2019",
Star Ocean: The Second Story R,/wiki/Star_Ocean:_The_Second_Story_R,Gemdrops,Square Enix,"November 2, 2023",
Star Renegades,,Massive Damage,JP:DMM GamesWW:Raw Fury,"November 19, 2020",
Star Wars: Battlefront Classic Collection,/wiki/Star_Wars:_Battlefront,Aspyr,Aspyr,"March 14, 2024",
Star Wars Episode I: Jedi Power Battles,/wiki/Star_Wars_Episode_I:_Jedi_Power_Battles,Aspyr,Aspyr,"January 23, 2025",
Star Wars Episode I: Racer,/wiki/Star_Wars_Episode_I:_Racer,Aspyr,Lucasfilm Games,"June 23, 2020",
Star Wars: Hunters,/wiki/Star_Wars:_Hunters,NaturalMotion,Zynga,2022,
Star Wars Jedi Knight: Jedi Academy,/wiki/Star_Wars_Jedi_Knight:_Jedi_Academy,Raven Software,NA:LucasArtsPAL:Activision,"March 26, 2020",
Star Wars Jedi Knight II: Jedi Outcast,/wiki/Star_Wars_Jedi_Knight_II:_Jedi_Outcast,Raven Software,Disney Interactive Studios,"September 24, 2019",
Star Wars: Knights of the Old Republic,/wiki/Star_Wars:_Knights_of_the_Old_Republic_(video_game),Aspyr,Lucasfilm Games,"November 11, 2021",
Star Wars Knights of the Old Republic II: The Sith Lords,/wiki/Star_Wars_Knights_of_the_Old_Republic_II:_The_Sith_Lords,Aspyr,Lucasfilm Games,"June 8, 2022",
Star Wars Pinball,/wiki/Star_Wars_Pinball,Zen Studios,JP:Game Source EntertainmentWW:Zen Studios,"September 13, 2019",
Star Wars: Republic Commando,/wiki/Star_Wars:_Republic_Commando,LucasArts,Aspyr,"April 6, 2021",
Star Wars: The Force Unleashed,/wiki/Star_Wars:_The_Force_Unleashed,Krome Studios,Aspyr,"April 20, 2022",
Stardew Valley,/wiki/Stardew_Valley,ConcernedApe,ConcernedApe,"October 5, 2017",
Starlink: Battle for Atlas,/wiki/Starlink:_Battle_for_Atlas,Ubisoft Toronto,Virtuos,"October 16, 2018",
State of Mind,/wiki/State_of_Mind_(video_game),Daedalic Entertainment,Daedalic Entertainment,"August 15, 2018",
"Stay Cool, Kobayashi-san!: A River City Ransom Story","/wiki/Stay_Cool,_Kobayashi-san!:_A_River_City_Ransom_Story",Arc System Works,Arc System Works,"November 7, 2019",
Steam Prison,,HuneX,Dramatic Create,"February 25, 2021",
SteamWorld Dig,/wiki/SteamWorld_Dig,Image & Form,Image & Form,"February 1, 2018",
SteamWorld Dig 2,/wiki/SteamWorld_Dig_2,Image & Form,Image & Form,"September 21, 2017",
SteamWorld Heist,/wiki/SteamWorld_Heist,Image & Form,Image & Form,"December 28, 2017",
SteamWorld Quest: Hand of Gilgamech,/wiki/SteamWorld_Quest:_Hand_of_Gilgamech,Image & Form,JP:Flyhigh WorksWW:Thunderful Publishing,"April 25, 2019",
Steins;Gate 0,/wiki/Steins;Gate_0,5pb.,JP:5pb.WW:Spike Chunsoft,"March 20, 2019",
Steins;Gate Elite,/wiki/Steins;Gate_Elite,5pb.,JP:5pb.WW:Spike Chunsoft,"September 20, 2018",
Steins;Gate: Linear Bounded Phenogram,/wiki/Steins;Gate:_Linear_Bounded_Phenogram,5pb.,5pb.,"March 20, 2019",
Steins;Gate: My Darling's Embrace,/wiki/Steins;Gate:_My_Darling%27s_Embrace,5pb.,JP:5pb.WW:Spike Chunsoft,"March 20, 2019",
Stela,/wiki/Stela_(video_game),SkyBox Labs,SkyBox Labs,"March 13, 2020",
Stern Pinball Arcade,/wiki/Stern_Pinball_Arcade,FarSight Studios,FarSight Studios,"December 12, 2017",
Steven Universe: Save the Light,/wiki/Steven_Universe:_Save_the_Light,Grumpyface Studios,Cartoon Network Games,"October 30, 2018",
Steven Universe: Unleash the Light,/wiki/Steven_Universe:_Unleash_the_Light,Grumpyface Studios,Cartoon Network Games,"February 19, 2021",
The Stillness of the Wind,/wiki/The_Stillness_of_the_Wind,Memory of God,Fellow Traveller,"February 7, 2019",
The Stone of Madness,,Teku Studios,Merge Games,2021,
Stories Untold,/wiki/Stories_Untold_(video_game),No Code,Devolver Digital,"January 16, 2020",
Story of Seasons: Friends of Mineral Town,/wiki/Story_of_Seasons:_Friends_of_Mineral_Town,Marvelous,NA:Xseed GamesWW:Marvelous,"October 17, 2019",
Story of Seasons: Pioneers of Olive Town,/wiki/Story_of_Seasons:_Pioneers_of_Olive_Town,Marvelous,NA:Xseed GamesWW:Marvelous,"February 25, 2021",
Stranded Sails: Explorers of the Cursed Islands,,Lemonbomb Entertainment,Merge Games,"October 17, 2019",
Strange Antiques,,Iceberg Antiquities,Iceberg Interactive,"September 17, 2025",
Strange Brigade,/wiki/Strange_Brigade,Rebellion Developments,Rebellion Developments,"June 15, 2021",
Stranger of Sword City Revisited,/wiki/Stranger_of_Sword_City_Revisited,Experience,NIS America,"March 16, 2021",
Stranger Things 3: The Game,/wiki/Stranger_Things_3:_The_Game,BonusXP,Netflix,"July 4, 2019",
Strania: The Stella Machina EX,,G.rev,exA-Arcadia,"January 23, 2025",
Stray,/wiki/Stray_(video_game),BlueTwelve Studio,Annapurna Interactive,"November 19, 2024",
Stray Children,,Onion Games,Onion Games,"December 26, 2024",
A Street Cat's Tale,,feemodev,CFK,"March 12, 2020",
Street Fighter 30th Anniversary Collection,/wiki/Street_Fighter_30th_Anniversary_Collection,Capcom,Capcom,"May 29, 2018",
Street Power Soccer,,"SFL Interactive, Gamujan",Maximum Games,"August 25, 2020",
Streets of Rage 4,/wiki/Streets_of_Rage_4,"Lizardcube, Guard Crush Games,Dotemu",Dotemu,"April 30, 2020",
Streets of Red: Devil's Dare Deluxe,,Secret Base,JP:Circle EntertainmentWW:Secret Base,"March 29, 2018",
Streets of Rogue,/wiki/Streets_of_Rogue,Matt Dabrowski,TinyBuild,"July 12, 2019",
The Stretchers,/wiki/The_Stretchers,Tarsier Studios,Nintendo,"November 8, 2019",
Strife: Veteran Edition,/wiki/Strife:_Veteran_Edition,Rogue Entertainment,Nightdive Studios,2021,
Strike Suit Zero: Director's Cut,/wiki/Strike_Suit_Zero:_Director%27s_Cut,Born Ready,Born Ready,"May 2, 2019",
Strikers 1945,/wiki/Strikers_1945,Zerodiv,Zerodiv,"August 3, 2017",
Strikers 1945 II,/wiki/Strikers_1945_II,Zerodiv,Zerodiv,"January 25, 2018",
Struggling,,Chasing Rats Games,Chasing Rats Games,"August 27, 2020",
Stubbs the Zombie in Rebel Without a Pulse,/wiki/Stubbs_the_Zombie_in_Rebel_Without_a_Pulse,Wideload Games,Aspyr,"March 16, 2021",
Subnautica,/wiki/Subnautica,Unknown Worlds Entertainment,Unknown Worlds Entertainment,"May 14, 2021",
Subnautica: Below Zero,/wiki/Subnautica:_Below_Zero,Unknown Worlds Entertainment,Bandai Namco Entertainment,"May 14, 2021",
Subsurface Circular,/wiki/Subsurface_Circular,Bithell Games,Bithell Games,"March 1, 2018",
SuchArt!,,Voolgi,Voolgi,TBA,
Suicide Guy,,Fabio Ferrera,Chubby Pixel,"May 10, 2018",
Sumer,,Studio Wumpus,Studio Wumpus,"April 5, 2018",
Sumikko Gurashi: Oheya no Sumi de Tabi Kibun Sugoroku,,Nippon Columbia,Nippon Columbia,"December 3, 2020",
Sumikko Gurashi: Sumikko Park e Youkoso,/wiki/Sumikko_Gurashi:_Sumikko_Park_e_Youkoso,Nippon Columbia,Nippon Columbia,"December 7, 2017",
Sumire,,GameTomo,GameTomo,"May 27, 2021",
Summer in Mara,,Chibig Studio,JP:PikiiWW:Chibig Studio,"June 16, 2020",
Summer Pockets,/wiki/Summer_Pockets,Key,Prototype,"June 20, 2019",
Summer Time Rendering: Another Horizon,/wiki/Summer_Time_Rendering,Mages,Mages,"January 26, 2023",
Sunless Sea: Zubmariner Edition,/wiki/Sunless_Sea:_Zubmariner_Edition,"Failbetter Games, Nephilim Games",Digerati,"April 23, 2020",
Sunless Skies: Sovereign Edition,/wiki/Sunless_Skies:_Sovereign_Edition,Failbetter Games,Digerati,"May 19, 2021",
Sun Haven,/wiki/Sun_Haven_(video_game),Pixel Sprout Studios,Pixel Sprout Studios,"November 29, 2024",
Super Animal Royale,/wiki/Super_Animal_Royale,Pixile,Modus Games,"August 26, 2021",
Super Beat Sports,,Harmonix,Harmonix,"November 2, 2017",
Super Bomberman R,/wiki/Super_Bomberman_R,"Konami,HexaDrive",Konami,"March 3, 2017",
Super Bomberman R Online,/wiki/Super_Bomberman_R_Online,Konami,Konami,"May 27, 2021",
Super Bullet Break,,BeXide,PQube,2022,
Super Chariot,/wiki/Super_Chariot,Frima Studio,Microids,"May 10, 2018",
Super Crate Box,/wiki/Super_Crate_Box,Vlambeer,Vlambeer,"October 1, 2019",
Super Dragon Ball Heroes: World Mission,/wiki/Super_Dragon_Ball_Heroes:_World_Mission,Dimps,Bandai Namco Entertainment,"April 4, 2019",
Super Hydorah,/wiki/Super_Hydorah,"Locomalito, Gryzor87",Abylight Studios,"November 15, 2018",
Super Kirby Clash,/wiki/Super_Kirby_Clash,HAL Laboratory,Nintendo,"September 4, 2019",
Super Lone Survivor,/wiki/Lone_Survivor_(video_game),Superflat Games,Curve Digital,2021,
Super Magbot,,Astral Pixel,Team17,"June 22, 2021",
Super Mario 3D All-Stars,/wiki/Super_Mario_3D_All-Stars,Nintendo EPD,Nintendo,"September 18, 2020",
Super Mario 3D World + Bowser's Fury,/wiki/Super_Mario_3D_World_%2B_Bowser%27s_Fury,Nintendo EPD,Nintendo,"February 12, 2021",
Super Mario Bros. 35,/wiki/Super_Mario_Bros._35,Arika,Nintendo,"October 1, 2020",
Super Mario Bros. Wonder,/wiki/Super_Mario_Bros._Wonder,Nintendo EPD,Nintendo,"October 20, 2023",
Super Mario Maker 2,/wiki/Super_Mario_Maker_2,Nintendo EPD,Nintendo,"June 28, 2019",
Super Mario Odyssey,/wiki/Super_Mario_Odyssey,Nintendo EPD,Nintendo,"October 27, 2017",
Super Mario Party,/wiki/Super_Mario_Party,NDcube,Nintendo,"October 5, 2018",
Super Mario Party Jamboree,/wiki/Super_Mario_Party_Jamboree,Nintendo Cube,Nintendo,"October 17, 2024",
Super Mario RPG,/wiki/Super_Mario_RPG,ArtePiazza,Nintendo,"November 17, 2023",
Super Meat Boy,/wiki/Super_Meat_Boy,Team Meat,JP:EastAsiaSoftWW:Team Meat,"January 11, 2018",
Super Meat Boy Forever,/wiki/Super_Meat_Boy_Forever,Team Meat,JP:EastAsiaSoftWW:Team Meat,"December 23, 2020",
Super Mega Baseball 2,/wiki/Super_Mega_Baseball_2,Metalhead Software,Metalhead Software,"July 25, 2019",
Super Mega Baseball 3,/wiki/Super_Mega_Baseball_3,Metalhead Software,Metalhead Software,"May 13, 2020",
Super Monkey Ball: Banana Blitz,/wiki/Super_Monkey_Ball:_Banana_Blitz,Sega,Sega,"October 29, 2019",
Super Monkey Ball: Banana Mania,/wiki/Super_Monkey_Ball:_Banana_Mania,Ryu Ga Gotoku Studio,Sega,"October 5, 2021",
Super Monkey Ball Banana Rumble,/wiki/Super_Monkey_Ball_Banana_Rumble,Ryu Ga Gotoku Studio,Sega,"June 25, 2024",
Super Neptunia RPG,/wiki/Super_Neptunia_RPG,Artisan Studios,Idea Factory,"December 20, 2018",
Super One More Jump,,Premo Games,SMG Studio,"January 25, 2018",
Super Ping Pong Trick Shot,,Sims,Starsign,"July 13, 2017",
Super Putty Squad,/wiki/Super_Putty_Squad,System 3,System 3,"November 9, 2017",
Super Real Mahjong Love 2~7!,,MightyCraft,City Connection,"April 23, 2020",
Super Real Mahjong PV,,MightyCraft,MobyGames,"March 14, 2019",
Super Real Mahjong PVI,,MightyCraft,MobyGames,"May 23, 2019",
Super Real Mahjong PV7,,MightyCraft,MobyGames,"June 13, 2019",
Super Robot Wars 30,/wiki/Super_Robot_Wars_30,B.B. Studio,Bandai Namco Entertainment,"October 28, 2021",
Super Robot Wars T,/wiki/Super_Robot_Wars_T,B.B. Studio,Bandai Namco Entertainment,"March 20, 2019",
Super Robot Wars V,/wiki/Super_Robot_Wars_V,B.B. Studio,Bandai Namco Entertainment,"October 3, 2019",
Super Robot Wars X,/wiki/Super_Robot_Wars_X,B.B. Studio,Bandai Namco Entertainment,"January 10, 2020",
Super Sami Roll,,Sonzai Games,"Sonzai Games, X Plus","November 4, 2021",
Super Smash Bros. Ultimate,/wiki/Super_Smash_Bros._Ultimate,"Bandai Namco Studios,Sora Ltd.",Nintendo,"December 7, 2018",
Super Woden GP,/wiki/Super_Woden_GP,ViJuDa,Eastasiasoft,"November 9, 2022",
Super Zangyura,,Glowfish Interactive,Big Sugar,"June 10, 2021",
Superbeat: Xonic,/wiki/Superbeat:_Xonic,Nurijoy,WW:PM StudiosPAL:Rising Star Games,"November 21, 2017",
Superbrothers: Sword & Sworcery EP,/wiki/Superbrothers:_Sword_%26_Sworcery_EP,"Capybara Games,Superbrothers",Capybara Games,"November 30, 2018",
Superhot,/wiki/Superhot,Superhot Team,Superhot Team,"August 19, 2019",
Superliminal,/wiki/Superliminal,Pillow Castle Games,Pillow Castle Games,"July 7, 2020",
Supermarket Shriek,,Billy Goat Entertainment,PQube,"October 23, 2020",
Superola and the Lost Burgers,,Undercoders,Undercoders,"February 22, 2018",
Supraland,/wiki/Supraland,Supra Games,Humble Games,"October 22, 2020",
Surgeon Simulator CPR,/wiki/Surgeon_Simulator_CPR,Bossa Studios,Bossa Studios,"September 13, 2018",
The Survivalists,,Team17,Team17,"October 9, 2020",
Surviving the Aftermath,/wiki/Surviving_the_Aftermath,Iceflake Studios,Paradox Interactive,"September 23, 2021",
Susanoh: Japanese Mythology RPG,,"Hachikuma Games, Onigiri Seisakusho",Mebius,"July 29, 2021",
Sushi Striker: The Way of Sushido,/wiki/Sushi_Striker:_The_Way_of_Sushido,indieszero,Nintendo,"June 8, 2018",
Suzerain,/wiki/Suzerain_(video_game),Torpor Games,Fellow Traveller,"December 4, 2020",
Swim Out,,Lozange Lab,Lozange Lab,"March 20, 2018",
The Swindle,/wiki/The_Swindle_(video_game),Size Five Games,Curve Digital,"September 20, 2018",
Sword Art Online: Alicization Lycoris,/wiki/Sword_Art_Online:_Alicization_Lycoris,Aquria,Bandai Namco Entertainment,"September 29, 2022",
Sword Art Online: Fatal Bullet,/wiki/Sword_Art_Online:_Fatal_Bullet,Dimps,Bandai Namco Entertainment,"August 8, 2019",
Sword Art Online: Hollow Realization,/wiki/Sword_Art_Online:_Hollow_Realization,Dimps,Bandai Namco Entertainment,"April 25, 2019",
The Swords of Ditto: Mormo's Curse,/wiki/The_Swords_of_Ditto:_Mormo%27s_Curse,One Bit Beyond,Devolver Digital,"May 2, 2019",
Swords & Soldiers II: Shawarmageddon,/wiki/Swords_%26_Soldiers_II:_Shawarmageddon,Ronimo Games,Ronimo Games,"March 1, 2019",
Syberia,/wiki/Syberia_(video_game),Koalabs Studio,Microids,"October 20, 2017",
Syberia 2,/wiki/Syberia_2,Koalabs Studio,Microids,"November 30, 2017",
Syberia 3,/wiki/Syberia_3,Koalabs Studio,Microids,"October 18, 2018",
Sympathy Kiss,,Design Factory,Idea Factory,"November 17, 2022",
Symphonic Rain,,Kogado Studio,Kogado Studio,"December 12, 2018",
Synaptic Drive,,Thousand Games,Yunuo Games,"May 28, 2020",
Tabe-O-Ja,,Bandai Toys,Bandai Toys,"November 28, 2020",
Tadpole Treble Encore,/wiki/Tadpole_Treble_Encore,BitFinity,BitFinity,"January 21, 2021",
Taiko no Tatsujin: Dokodon! Mystery Adventure,/wiki/Taiko_no_Tatsujin:_Dokodon!_Mystery_Adventure,Bandai Namco Studios,Bandai Namco Entertainment,"November 26, 2020",
Taiko no Tatsujin: Don to Katsu no Jikū Daibōken,/wiki/Taiko_no_Tatsujin:_Don_to_Katsu_no_Jik%C5%AB_Daib%C5%8Dken,Bandai Namco Studios,Bandai Namco Entertainment,"November 26, 2020",
Taiko no Tatsujin: Drum 'n' Fun!,/wiki/Taiko_no_Tatsujin:_Drum_%27n%27_Fun!,Bandai Namco Studios,Bandai Namco Entertainment,"July 19, 2018",
Tails of Iron,/wiki/Tails_of_Iron,Odd Bug Studio,United Label,"September 17, 2021",
Taisho x Alice: Heads & Tails,,Primula,Prototype,"October 29, 2020",
Taishou Mebiusline Taizen,,HolicWorks,Dramatic Create,"January 28, 2021",
The TakeOver,/wiki/The_TakeOver,Pelikan13,Dangen Entertainment,"June 4, 2020",
Takorita Meets Fries,,Reseverte,Ratalaika Games,"October 1, 2021",
Tales from Space: Mutant Blobs Attack,/wiki/Tales_from_Space:_Mutant_Blobs_Attack,DrinkBox Studios,DrinkBox Studios,"May 10, 2019",
Tales of Aravorn: Seasons of the Wolf,/wiki/Tales_of_Aravorn:_Seasons_of_the_Wolf,Winter Wolves,Ratalaika Games,TBA,
Tales of Graces f Remastered,/wiki/Tales_of_Graces,Tose,Bandai Namco Entertainment,"January 17, 2025",
Tales of Symphonia Remastered,/wiki/Tales_of_Symphonia_Remastered,Bandai Namco Entertainment Romania,Bandai Namco Entertainment,"February 17,2023",
Tales of Vesperia,/wiki/Tales_of_Vesperia,Bandai Namco Studios,Bandai Namco Entertainment,"January 11, 2019",
Tallowmere,,Chris McFarland,Teyon,"November 9, 2017",
The Talos Principle,/wiki/The_Talos_Principle,Croteam,Devolver Digital,"December 10, 2019",
Tandem: A Tale of Shadows,,Monochrome,Hatinh Interactive,"October 21, 2021",
Tangle Tower,/wiki/Tangle_Tower,SFB Games,SFB Games,"October 22, 2019",
Tanzia,,Arcanity,Arcanity,"July 19, 2018",
The Tartarus Key,/wiki/The_Tartarus_Key,Vertical Reach,Armor Games Studios,"May 31, 2023",
Tasomachi: Behind the Twilight,,Orbital Express,Playism,"April 28, 2022",
Tavern Talk,/wiki/Tavern_Talk,Gentle Troll Entertainment,Gentle Troll Entertainment,"June 20, 2024",
Taxi Chaos,/wiki/Taxi_Chaos,Team6 Game Studios,Orange One,"February 23, 2021",
Tchia,/wiki/Tchia,Awaceb,Awaceb,"June 27, 2024",
Team Sonic Racing,/wiki/Team_Sonic_Racing,Sumo Digital,Sega,"May 21, 2019",
Teenage Mutant Ninja Turtles Arcade: Wrath of the Mutants,,"Raw Thrills, Cradle Games",GameMill Entertainment,"April 23, 2024",
Teenage Mutant Ninja Turtles: The Cowabunga Collection,/wiki/Teenage_Mutant_Ninja_Turtles:_The_Cowabunga_Collection,Digital Eclipse,Konami,"August 30, 2022",
Teenage Mutant Ninja Turtles: Mutants Unleashed,/wiki/Teenage_Mutant_Ninja_Turtles:_Mutants_Unleashed,aheartfulofgames,Outright Games,"October 18, 2024",
Teenage Mutant Ninja Turtles: Shredder's Revenge,/wiki/Teenage_Mutant_Ninja_Turtles:_Shredder%27s_Revenge,Tribute Games,Dotemu,"June 16, 2022",
Telling Lies,/wiki/Telling_Lies_(video_game),"Sam Barlow, Furious Bee",Annapurna Interactive,"April 28, 2020",
Temirana: The Lucky Princess and the Tragic Knights,,ichicolumn,Idea Factory,"April 27, 2023",
Temtem,/wiki/Temtem,Crema,Humble Bundle,2021,
Tengoku Struggle: Strayside,,Idea Factory,Idea Factory,"July 28, 2022",
Tennis World Tour,/wiki/Tennis_World_Tour,Breakpoint Studio,Bigben Interactive,"August 30, 2018",
Tensei Game,,"Any,ArtePiazza",ArtePiazza,2026,
Terra Nil,/wiki/Terra_Nil,Free Lives,Devolver Digital,"December 18, 2023",
Terraria,/wiki/Terraria,Pipeworks Studios,JP:Spike ChunsoftWW:505 Games,"June 27, 2019",
TerraTech,/wiki/TerraTech,Payload Studios,JP:TeyonWW:Terra Tek Studios,"May 29, 2019",
Terror of Hemasaurus,,Digerati,Digerati,2022,
Terror Squid,,Apt Games,Apt Games,"October 15, 2020",
Tesla vs. Lovecraft,/wiki/Tesla_vs._Lovecraft,10tons,10tons,"March 16, 2018",
Teslagrad,/wiki/Teslagrad,Rain Games,JP:Flyhigh WorksWW:Rain Games,"November 16, 2017",
Teslagrad 2,/wiki/Teslagrad_2,Rain Games,Modus Games,"April 19, 2023",
Test Drive Unlimited Solar Crown,/wiki/Test_Drive_Unlimited_Solar_Crown,Kylotonn,Nacon,TBA,
Tetris 99,/wiki/Tetris_99,Arika,Nintendo,"February 13, 2019",
Tetris Effect: Connected,/wiki/Tetris_Effect:_Connected,Monstars,Enhance Games,"October 8, 2021",
Tetris Forever,/wiki/Tetris_Forever,Digital Eclipse,Digital Eclipse,"November 12, 2024",
Tetragon,,Cafundo Creative Studio,Buka Entertainment,"August 12, 2021",
Tetsudo Nippon! Rosen Tabi EX Seiryu Unten Nagaragawa Tetsudo Hen,,Sonic Powered,Sonic Powered,"August 24, 2023",
Theatrhythm Final Bar Line,/wiki/Theatrhythm_Final_Fantasy,indieszero,Square Enix,"February 16, 2023",
Thief Simulator,/wiki/Thief_Simulator,Forever Entertainment,Forever Entertainment,"May 16, 2019",
Thimbleweed Park,/wiki/Thimbleweed_Park,Terrible Toybox,Terrible Toybox,"September 21, 2017",
Thirsty Suitors,/wiki/Thirsty_Suitors,Outerloop Games,Annapurna Interactive,"November 2, 2023",
This Is the Police,/wiki/This_Is_the_Police,Weappy Studio,THQ Nordic,"October 24, 2017",
This Is the Police 2,/wiki/This_Is_the_Police_2,Weappy Studio,THQ Nordic,"September 25, 2018",
This War of Mine,/wiki/This_War_of_Mine,11 Bit Studios,11 Bit Studios,"November 27, 2018",
This Way Madness Lies,/wiki/This_Way_Madness_Lies,Zeboyd Games,Zeboyd Games,"July 25, 2023",
Thomas Was Alone,/wiki/Thomas_Was_Alone,Mike Bithell Games,Ant Workshop,"February 19, 2021",
Thronebreaker: The Witcher Tales,/wiki/Thronebreaker:_The_Witcher_Tales,CD Projekt Red,CD Projekt,"January 28, 2020",
Through the Darkest of Times,/wiki/Through_the_Darkest_of_Times,HandyGames,HandyGames,"August 13, 2020",
Thumper,/wiki/Thumper_(video_game),Drool,Drool,"May 18, 2017",
Thymesia,/wiki/Thymesia,OverBorder Studio,Team17,"August 18, 2022",
Timberman Vs.,,Digital Melody,Forever Entertainment,"May 3, 2018",
Timelie,/wiki/Timelie,Urnique Studio,"Urnique Studio, Zordix Publishing","December 15, 2021",
Time Recoil,,10tons,10tons,"October 26, 2017",
Timespinner,/wiki/Timespinner,Lunar Ray Games,JP:Dangen EntertainmentWW:Lunar Ray Games,"June 4, 2019",
Tin & Kuna,,Black River Studios,Aksys Games,"September 10, 2020",
Tiny Barbarian DX,,StarQuail Games,Nicalis,"October 10, 2017",
Tiny Bookshop,/wiki/Tiny_Bookshop,Skystone Games,neoludic games,"August 7, 2025",
Tiny Metal,/wiki/Tiny_Metal,Area35,Unties,"December 21, 2017",
Tiny Metal: Full Metal Rumble,/wiki/Tiny_Metal:_Full_Metal_Rumble,Area35,Unties,"July 11, 2019",
Tiny Troopers: Joint Ops DX,/wiki/Tiny_Troopers:_Joint_Ops_DX,Wired Productions,JP:Cross FunctionWW:Wired Productions,"December 21, 2017",
Titan Quest,/wiki/Titan_Quest,Iron Lore Entertainment,THQ Nordic,"July 31, 2018",
To the Moon,/wiki/To_the_Moon_(video_game),X.D. Network,Freebird Games,"January 16, 2020",
Toby: The Secret Mine,/wiki/Toby:_The_Secret_Mine,Lukáš Navrátil,JP:BeepWW:Headup Games,"July 24, 2018",
ToeJam & Earl: Back in the Groove,/wiki/ToeJam_%26_Earl:_Back_in_the_Groove,HumaNature Studios,JP:HumaNature StudiosWW:Adult Swim Games,"March 1, 2019",
Toem,/wiki/Toem,Something We Made,Something We Made,"September 17, 2021",
Together! The Battle Cats,/wiki/Together!_The_Battle_Cats,Ponos,Ponos,"December 20, 2018",
Tokei Jikake no Apocalypse,,Idea Factory,Idea Factory,"April 22, 2021",
Toki,/wiki/Toki_(video_game),Golgoth Studio,Microïds,"December 4, 2018",
Toki Tori,/wiki/Toki_Tori,Two Tribes,Two Tribes Publishing,"March 30, 2018",
Toki Tori 2+,/wiki/Toki_Tori_2%2B,Two Tribes,Two Tribes,"February 23, 2018",
Tokimeki Memorial: Forever With You Emotional,/wiki/Tokimeki_Memorial,Konami,Konami,2025,
Tokimeki Memorial: Girl's Side 4th Heart,/wiki/Tokimeki_Memorial:_Girl%27s_Side_4th_Heart,Konami,Konami,"October 28, 2021",
Tokyo 24-ku: Inoru,,HolicWorks,Dramatic Create,2022,
Tokyo Dark: Remembrance,/wiki/Tokyo_Dark:_Remembrance,Cherrymochi,Unties,"November 7, 2019",
Tokyo Mirage Sessions ♯FE Encore,/wiki/Tokyo_Mirage_Sessions_%E2%99%AFFE_Encore,Atlus,Nintendo,"January 17, 2020",
Tokyo School Life,,"M2, Dogenzaka Lab",PQube,"February 14, 2019",
Tokyo Xanadu eX+,/wiki/Tokyo_Xanadu_eX%2B,Nihon Falcom,Aksys Games,"June 29, 2023",
Tomodachi Life: Living the Dream,/wiki/Tomodachi_Life:_Living_the_Dream,Nintendo,Nintendo,2026,
Tomoyo After: It's a Wonderful Life,/wiki/Tomoyo_After:_It%27s_a_Wonderful_Life,Key,Prototype,"September 10, 2020",
Tonari ni Kanojo no Iru Shiawase: Curious Queen,,Prekano,Entergram,"October 29, 2020",
Tonari ni Kanojo no Iru Shiawase: Summer Surprise,,Prekano,Entergram,"May 28, 2020",
Tonight We Riot,/wiki/Tonight_We_Riot,Pixel Pushers Local 512,Means Interactive,"May 1, 2020",
Tony Hawk's Pro Skater 1 + 2,/wiki/Tony_Hawk%27s_Pro_Skater_1_%2B_2,Vicarious Visions,Activision,"June 25, 2021",
Tony Hawk's Pro Skater 3 + 4,/wiki/Tony_Hawk%27s_Pro_Skater_3_%2B_4,Iron Galaxy,Activision,"July 11, 2025",
Tools Up!,/wiki/Tools_Up!,Knights of Unity,All In! Games,"December 3, 2019",
Torchlight II,/wiki/Torchlight_II,Panic Button,Runic Games,"September 3, 2019",
Torchlight III,/wiki/Torchlight_III,Echtra Games,Perfect World Entertainment,"October 22, 2020",
Tormented Souls,/wiki/Tormented_Souls,"Dual Effect, Abstract Digital",PQube,"April 14, 2022",
Totally Accurate Battle Simulator,/wiki/Totally_Accurate_Battle_Simulator,Landfall Games,Landfall Games,"November 3, 2022",
Totemic,,Collage Games,Humble Games,2021,
Tomb of the Mask,/wiki/Tomb_of_the_Mask,Happymagenta UAB,Playgendary,"October 27, 2021",
Tomb Raider I–III Remastered,/wiki/Tomb_Raider_I%E2%80%93III_Remastered,Aspyr,Aspyr,"February 14, 2024",
Tomb Raider IV–VI Remastered,/wiki/Tomb_Raider_IV%E2%80%93VI_Remastered,Aspyr,Aspyr,"February 14, 2025",
Touhou Genso Wanderer: Reloaded,/wiki/Touhou_Genso_Wanderer:_Reloaded,Aqua Style,JP:UntiesWW:NIS America,"December 28, 2017",
Touhou Gouyoku Ibun ~ Sunken Fossil World,/wiki/Sunken_Fossil_World,"Twilight Frontier,Team Shanghai Alice",Phoenixx,"October 20, 2022",
Touhou Hyoibana: Antinomy of Common Flowers,/wiki/Touhou_Hyoibana:_Antinomy_of_Common_Flowers,Twilight Frontier,Team Shanghai Alice,TBA,
Touhou Kobuto V: Burst Battle,/wiki/Touhou_Kobuto_V:_Burst_Battle,Cubetype,JP:Nippon Ichi SoftwareWW:NIS America,"October 10, 2017",
Touhou Luna Nights,/wiki/Touhou_Luna_Nights,Team Ladybug,Phoenixx,"December 17, 2020",
Touhou Sky Arena: Matsuri Climax,/wiki/Touhou_Sky_Arena:_Matsuri_Climax,Area Zero,Area Zero,"February 14, 2019",
Touhou Spell Bubble,/wiki/Touhou_Spell_Bubble,Taito,Taito,"February 6, 2020",
Touken Ranbu Warriors,/wiki/Touken_Ranbu_Warriors,"Omega Force,Ruby Party",JP:DMM GamesWW:Koei Tecmo,"February 17, 2022",
The Touryst,/wiki/The_Touryst,Shin'en Multimedia,Shin'en Multimedia,"November 21, 2019",
Tousouchuu: Great Mission(Run For Money : The Great Mission),/wiki/Fuji_Television#Game_shows,D3 Publisher,D3 Publisher,"July 4, 2024",
Tousouchuu: Hunters vs. Runners! Can You Win as Either?(Run For Money : Hunters vs. Runners! Can You Win as Either?),/wiki/Fuji_Television#Game_shows,D3 Publisher,D3 Publisher,2025,
Tousouchuu: Shijou Saikyou no Hunter-Tachi Kara Nigekire! and Chou Tousouchuu Atsumare! Saikyou no Tousousha-tachi Combat Double Pack(Run for Money and Super Run for Money Combat Double Pack),/wiki/Fuji_Television#Game_shows,Namco Bandai,Namco Bandai,"November 29, 2018",
Towaware no Palm: Refrain,,Capcom,Capcom,"March 12, 2020",
Tower of Time,,Event Horizon,Digerati,"June 25, 2020",
TowerFall,/wiki/TowerFall,Matt Makes Games,Matt Makes Games,"September 27, 2018",
Townscaper,/wiki/Townscaper,Oskar Stålberg,Oskar Stålberg,"August 26, 2021",
Toy Soldiers HD,/wiki/Toy_Soldiers_HD,Signal Studios,Accelerate Games,"December 31, 2022",
Traditional Tactics Ne,,Daidai,Daidai,"September 20, 2019",
Trails in the Sky 1st Chapter,/wiki/Trails_in_the_Sky_1st_Chapter,Nihon Falcom,NA:GungHo Online EntertainmentEU:Clear River Games,"September 19, 2025",
Trailblazers,/wiki/Trailblazers_(video_game),Supergonk,Rising Star Games,"May 15, 2018",
Transformers: EarthSpark – Expedition,,Tessera Studios,Outright Games,"October 13, 2023",
Transistor,/wiki/Transistor_(video_game),Supergiant Games,Supergiant Games,"November 1, 2018",
Trash Quest,,Nupixo Games,RedDeerGames,"December 9, 2021",
Travis Strikes Again: No More Heroes,/wiki/Travis_Strikes_Again:_No_More_Heroes,Grasshopper Manufacture,Grasshopper Manufacture,"January 18, 2019",
Treachery in Beatdown City,,Nuchallenger,Nuchallenger,"March 31, 2020",
Treadnauts,/wiki/Treadnauts,Topstitch Games,Topstitch Games,"August 17, 2018",
Treasurenauts,,Atooi,Atooi,TBA,
Trek to Yomi,/wiki/Trek_to_Yomi,Flying Wild Hog,Devolver Digital,"January 30, 2023",
Trials of Mana,/wiki/Trials_of_Mana_(2020_video_game),Square Enix,Square Enix,"April 24, 2020",
Trials Rising,/wiki/Trials_Rising,Ubisoft,Ubisoft,"February 26, 2019",
Triangle Strategy,/wiki/Triangle_Strategy,"Artdink, Netchubiyori","Square Enix,Nintendo","March 4, 2022",
Tricky Towers,/wiki/Tricky_Towers,WeirdBeard,WeirdBeard,"October 11, 2018",
Trifox,,Glowfish Interactive,Big Sugar,2022,
Trigger Witch,,Rainbite,EastAsiaSoft,"July 29, 2021",
Trine: Enchanted Edition,/wiki/Trine:_Enchanted_Edition,Frozenbyte,Frozenbyte,"November 9, 2018",
Trine 2: Complete Story,/wiki/Trine_2:_Complete_Story,Frozenbyte,Frozenbyte,"February 18, 2019",
Trine 3: The Artifacts of Power,/wiki/Trine_3:_The_Artifacts_of_Power,Frozenbyte,Frozenbyte,"July 29, 2019",
Trine 4: The Nightmare Prince,/wiki/Trine_4:_The_Nightmare_Prince,Frozenbyte,Modus Games,"October 8, 2019",
Troll and I,/wiki/Troll_and_I,Spiral House,Maximum Games,"August 14, 2017",
Trollhunters: Defenders of Arcadia,/wiki/Trollhunters:_Defenders_of_Arcadia,WayForward,Outright Games,"September 25, 2020",
Tron: Catalyst,/wiki/Tron:_Catalyst,Bithell Games,Big Fan Games,2025,
Tron: Identity,/wiki/Tron:_Identity,Bithell Games,Bithell Games,"April 11, 2023",
Tropico 6,/wiki/Tropico_6,Limbic Entertainment,JP:Square EnixWW:Kalypso Media,"November 6, 2020",
TroubleDays,,Qureate,Qureate,"July 9, 2020",
Trouble Magia: Wakeari Shoujo wa Mirai o Kachitoru Tame ni Ikoku no Mahou Gakkou e Ryougaku Shimasu,,Otomate,Idea Factory,"September 12, 2024",
Trover Saves the Universe,/wiki/Trover_Saves_the_Universe,Squanch Games,Squanch Games,"November 28, 2019",
Truck Driver,/wiki/Truck_Driver_(video_game),Triangle Studios,Soedesco,"November 16, 2020",
Tsukihime: A Piece of Blue Glass Moon,/wiki/Tsukihime:_A_Piece_of_Blue_Glass_Moon,Type-Moon,Aniplex,"August 26, 2021",
TumbleSeed,/wiki/TumbleSeed,Benedict Fritz,aeiowu,"May 2, 2017",
Tunche,,Leap Game Studios,HypeTrain Digital,"March 2, 2021",
Tunic,/wiki/Tunic_(video_game),Isometricorp Games,Finji,"September 27, 2022",
The Turing Test,/wiki/The_Turing_Test_(video_game),Bulkhead Interactive,Square Enix,"February 7, 2020",
Turnip Boy Commits Tax Evasion,/wiki/Turnip_Boy_Commits_Tax_Evasion,Snoozy Kazoo,Graffiti Games,"April 22, 2021",
Turnip Boy Robs a Bank,/wiki/Turnip_Boy_Robs_a_Bank,Snoozy Kazoo,Graffiti Games,"January 18, 2024",
Turrican Anthology Vol. I,,Factor 5,Strictly Limited Games,TBA,
Turrican Anthology Vol. II,,Factor 5,Strictly Limited Games,TBA,
Turrican Flashback,/wiki/Turrican_Flashback,Factor 5,Inin Games,"December 8, 2020",
Turok: Dinosaur Hunter,/wiki/Turok:_Dinosaur_Hunter,Nightdive Studios,Nightdive Studios,"March 18, 2019",
Turok 2: Seeds of Evil,/wiki/Turok_2:_Seeds_of_Evil,Nightdive Studios,Nightdive Studios,"August 9, 2019",
TurtlePop: Journey to Freedom,,Zengami,Digipen Game Studios,"March 8, 2018",
Twelve Minutes,/wiki/Twelve_Minutes,Luís António,Annapurna Interactive,"December 7, 2021",
Twin Robots: Ultimate Edition,,Thinice Games,Ratalaika Games,"February 23, 2018",
Two Point Campus,/wiki/Two_Point_Campus,Two Point Studios,Sega,"August 9, 2022",
Two Point Hospital,/wiki/Two_Point_Hospital,Two Point Studios,Sega,"February 25, 2020",
Ty the Tasmanian Tiger HD,/wiki/Ty_the_Tasmanian_Tiger_HD,Krome Studios,Krome Studios,"March 31, 2020",
Ty the Tasmanian Tiger 2: Bush Rescue HD,/wiki/Ty_the_Tasmanian_Tiger_2:_Bush_Rescue,Krome Studios,Krome Studios,"March 30, 2021",
Type:Rider,/wiki/Type:Rider,Agat Films & Cie - Ex Nihilo,"BulkyPix,Arte","April 25, 2019",
Typoman,/wiki/Typoman,Brainseed Factory,JP:Flyhigh WorksWW:Wales Interactive,"February 22, 2018",
UFO 50,/wiki/UFO_50,"Mossmouth, LLC","Mossmouth, LLC","August 7, 2025",
UglyDolls: An Imperfect Adventure,/wiki/UglyDolls:_An_Imperfect_Adventure,Ugly Industries Holdings,Outright Games,"April 26, 2019",
Ultimate Chicken Horse,/wiki/Ultimate_Chicken_Horse,Clever Endeavour Games,Clever Endeavour Games,"September 25, 2018",
Ultra Age,,"Next Stage, Visual Dart","Dangen Entertainment, Intragames","September 9, 2021",
Ultra Hyperball,,Springloaded,Springloaded,"July 28, 2017",
Ultra Kaiju Monster Rancher,/wiki/Ultra_Kaiju_Monster_Rancher,Koei Tecmo,Bandai Namco Entertainment,"October 20, 2022",
Ultra Street Fighter II: The Final Challengers,/wiki/Ultra_Street_Fighter_II:_The_Final_Challengers,Capcom,Capcom,"May 26, 2017",
Ultracore,/wiki/Ultracore,Digital Illusions,"Inin Games, Strictly Limited Games","June 23, 2020",
Umihara Kawase BaZooKa,/wiki/Umihara_Kawase_BaZooKa,Studio Saizensen,Success,"May 28, 2020",
Umihara Kawase Fresh!,/wiki/Umihara_Kawase_Fresh!,Studio Saizensen,Success,"April 25, 2019",
Umineko When They Cry Saku: Nekobako to Musou no Koukyoukyoku,/wiki/Umineko_When_They_Cry_Saku:_Nekobako_to_Musou_no_Koukyoukyoku,07th Expansion,Entergram,"January 28, 2021",
Umurangi Generation,/wiki/Umurangi_Generation,Origame Digital,Playism,"June 5, 2021",
Unavowed,/wiki/Unavowed,Wadjet Eye Games,Wadjet Eye Games,"July 7, 2021",
Unbound: Worlds Apart,/wiki/Unbound:_Worlds_Apart,Alien Pixel Studios,Alien Pixel Studios,"July 28, 2021",
The Uncertain: Last Quiet Day,/wiki/The_Uncertain:_Last_Quiet_Day,New Game Order,Postmeta,"February 24, 2022",
The Uncertain: Light at the End,,New Game Order,Meta Publishing,2021,
UnderMine,/wiki/UnderMine,Thorium,Thorium,"February 11, 2021",
Undernauts: Labyrinth of Yomi,,Experience,JP:ExperienceWW:Aksys Games,"October 15, 2020",
Under Night In-Birth Exe:Late cl-r,/wiki/Under_Night_In-Birth_Exe:Late_cl-r,French Bread,Arc System Works,"February 20, 2020",
Undertale,/wiki/Undertale,8-4,8-4,"September 15, 2018",
Underworld Dreams,,Drop of Pixel,Drop of Pixel,TBA,
Undusted: Letters from the Past,,Toge Productions,5minlab Corp.,October 2025,
Unepic,/wiki/Unepic,Francisco Téllez de Meneses,Ninagamers,"December 15, 2017",
Unexplored: Unlocked Edition,/wiki/Unexplored,Ludomotion,Digerati,"August 9, 2018",
Unforeseen Incidents,/wiki/Unforeseen_Incidents,Backwoods Entertainment,Application Systems Heidelberg,"January 27, 2022",
Unicorn Overlord,/wiki/Unicorn_Overlord,Vanillaware,JP:AtlusWW:Sega,"March 8, 2024",
Un:Logical,,LicoBiTs,Broccoli,TBA,
UnMetal,/wiki/UnMetal,Francisco Téllez de Meneses,Versus Evil,"September 28, 2021",
Uno,/wiki/Uno_(card_game),Ubisoft,Ubisoft,"November 7, 2017",
Unpacking,/wiki/Unpacking_(video_game),Witch Beam,Humble Bundle,"November 2, 2021",
Unrailed!,/wiki/Unrailed!,Indoor Astronaut,Daedalic Entertainment,"September 23, 2020",
Unravel Two,/wiki/Unravel_Two,Coldwood Interactive,Electronic Arts,"March 22, 2019",
Unreal Life,,Hako Seikatsu,Hako Seikatsu,"May 14, 2020",
Unruly Heroes,/wiki/Unruly_Heroes,Magic Design Studios,Magic Design Studios,"January 23, 2019",
Unsighted,/wiki/Unsighted,Studio Pixel Punk,Humble Games,"September 30, 2021",
Unsung Story,/wiki/Unsung_Story,Little Orbit,Little Orbit,TBA,
Untitled Goose Game,/wiki/Untitled_Goose_Game,House House,Panic,"September 20, 2019",
Urban Trial Playground,/wiki/Urban_Trial_Playground,Teyon,Tate Interactive,"April 5, 2018",
Use Your Words,/wiki/Use_Your_Words,Smiling Buddha Games,Screenwave Media,"August 3, 2017",
Uta no Prince-sama: Amazing Aria,/wiki/Uta_no_Prince-sama:_Amazing_Aria,Broccoli,Broccoli,"May 20, 2020",
Uta no Prince-sama Debut,/wiki/Uta_no_Prince-sama_Debut,Broccoli,Broccoli,"February 25, 2021",
Uta no Prince-sama: Sweet Serenade,/wiki/Uta_no_Prince-sama:_Sweet_Serenade,Broccoli,Broccoli,"May 20, 2020",
Uta to Mori no Youkai Yashiki,,PiXEL,PiXEL,"July 10, 2025",
Utaka no Uchronia,,LicoBiTs,Broccoli,"April 11, 2024",
Utaka no Uchronia: Trail,,LicoBiTs,Broccoli,2025,
V-Rally 4,/wiki/V-Rally_4,Kylotonn,Bigben Interactive,"December 13, 2018",
VA-11 Hall-A: Cyberpunk Bartender Action,/wiki/VA-11_Hall-A:_Cyberpunk_Bartender_Action,Sukeban Games,JP:PlayismWW:Ysbryd Games,"May 2, 2019",
The Vagrant,,Dico,Rainy Frog,TBA,
Valfaris,/wiki/Valfaris,Steel Mantis,JP:EastAsiaSoftWW:Merge Games,"October 10, 2019",
Valiant Hearts: The Great War,/wiki/Valiant_Hearts:_The_Great_War,Ubisoft Montpellier,Ubisoft,"November 8, 2018",
ValiDate: Struggling Singles in Your Area,/wiki/ValiDate:_Struggling_Singles_in_Your_Area,Veritable Joy Studios,Veritable Joy Studios,"October 13, 2022",
Valis: The Fantasm Soldier Collection,/wiki/Valis:_The_Fantasm_Soldier_Collection,Edia,Edia,"December 9, 2021",
Valkyria Chronicles,/wiki/Valkyria_Chronicles_(video_game),Sega,Sega,"September 27, 2018",
Valkyria Chronicles 4,/wiki/Valkyria_Chronicles_4,Sega,Sega,"September 25, 2018",
Valley,/wiki/Valley_(video_game),Blue Isle Studios,Blue Isle Studios,"March 7, 2019",
Valthirian Arc: Hero School Story,/wiki/Valthirian_Arc:_Hero_School_Story,Agate,JP:Rainy FrogWW:PQube,"October 2, 2018",
Vambrace: Cold Soul,/wiki/Vambrace:_Cold_Soul,Devespresso Games,"Chorus Worldwide, Headup Games","August 29, 2019",
Vampire: The Masquerade – Coteries of New York,/wiki/Vampire:_The_Masquerade_%E2%80%93_Coteries_of_New_York,Draw Distance,Draw Distance,"March 24, 2020",
Vampire: The Masquerade – Shadows of New York,/wiki/Vampire:_The_Masquerade_%E2%80%93_Shadows_of_New_York,Draw Distance,JP:DMM GamesWW:Draw Distance,"September 10, 2020",
Vampire: The Masquerade – Swansong,/wiki/Vampire:_The_Masquerade_%E2%80%93_Swansong,Big Bad Wolf,Nacon,February 2022,
Vampire's Fall: Origins,,Early Morning Studio,Early Morning Studio,"September 17, 2020",
Vampyr,/wiki/Vampyr_(video_game),Focus Home Interactive,JP:Game Source EntertainmentWW:Dontnod Entertainment,"October 29, 2019",
The Vanishing of Ethan Carter,/wiki/The_Vanishing_of_Ethan_Carter,Astronauts,Astronauts,"August 15, 2019",
Vaporum: Lockdown,,Fatbot Games,JP:Fatbot GamesWW:Merge Games,"March 22, 2021",
Vasara HD Collection,,QUByte Interactive,JP:Chorus WorldwideWW:QUByte Interactive,"August 15, 2019",
Vegas Party,,Raylight Studios,Funbox Media,"June 21, 2018",
Velocity 2X,/wiki/Velocity_2X,FuturLab,Curve Digital,"September 20, 2018",
Vera Blanc: Full Moon,/wiki/Vera_Blanc:_Full_Moon,Winter Wolves,Ratalaika Games,"November 13, 2020",
Victor Vran,/wiki/Victor_Vran,Haemimont Games,Wired Productions,"August 28, 2018",
Vigil: The Longest Night,,Glass Heart Games,Another Indie,"October 14, 2020",
Vigor,/wiki/Vigor_(video_game),Bohemia Interactive,Bohemia Interactive,"July 8, 2020",
Virche Evermore: Epic Lycoris,,HYDE,Aksys Games,"September 7, 2023",
Virgo Versus the Zodiac,/wiki/Virgo_Versus_the_Zodiac,Moonana,Serenity Forge,"August 23, 2023",
Vitamin Connection,/wiki/Vitamin_Connection,WayForward,WayForward,"February 20, 2020",
Vivid Knight,,Asobism,Asobism,"December 16, 2021",
Voez,/wiki/Voez,"Rayark Games, Esquadra",Flyhigh Works,"March 3, 2017",
Voice of Cards: The Forsaken Maiden,/wiki/Voice_of_Cards:_The_Forsaken_Maiden,Alim,Square Enix,"February 17, 2022",
Voice of Cards: The Isle Dragon Roars,/wiki/Voice_of_Cards:_The_Isle_Dragon_Roars,Alim,Square Enix,"October 28, 2021",
Void Bastards,/wiki/Void_Bastards,Blue Manchu,Humble Bundle,"May 7, 2020",
Void Terrarium,,Nippon Ichi Software,JP:Nippon Ichi SoftwareWW:NIS America,"January 23, 2020",
Volgarr the Viking,/wiki/Volgarr_the_Viking,Crazy Viking Studios,Crazy Viking Studios,"October 5, 2017",
Volta-X,,GungHo Online Entertainment,GungHo Online Entertainment,"August 12, 2020",
Vostok Inc.,,Nosebleed Interactive,Wired Productions,"December 7, 2017",
Vroom in the Night Sky,/wiki/Vroom_in_the_Night_Sky,Poisoft,Poisoft,"March 3, 2017",
VVVVVV,/wiki/VVVVVV,Terry Cavanagh,JP:PikiiWW:Nicalis,"November 17, 2017",
Wagamama High Spec,/wiki/Wagamama_High_Spec,Madosoft,iMel,"September 24, 2020",
Waifu Uncovered,/wiki/Waifu_Uncovered,One Hand Free Studios,EastAsiaSoft,"July 16, 2020",
The Walking Dead: The Complete First Season,/wiki/The_Walking_Dead_(video_game),Telltale Games,Telltale Games,"August 7, 2018",
The Walking Dead: Season Two,/wiki/The_Walking_Dead:_Season_Two,Telltale Games,Telltale Games,"January 21, 2020",
The Walking Dead: A New Frontier,/wiki/The_Walking_Dead:_A_New_Frontier,Telltale Games,Telltale Games,"January 21, 2020",
The Walking Dead: The Final Season,/wiki/The_Walking_Dead:_The_Final_Season,Telltale Games,Telltale Games,"August 12, 2018",
Wan Nyan Doubutsu Byouin: Pet o Tasukeru Daiji-na Oshigoto,,Nippon Columbia,Nippon Columbia,"July 2, 2020",
Wandersong,/wiki/Wandersong,Greg Lobanov,Humble Bundle,"September 27, 2018",
The War of Genesis: Remnants of Gray,,Pillow Castle Games,Pillow Castle Games,2022,
The Wardrobe,/wiki/The_Wardrobe_(video_game),C.I.N.I.C. Games,NA:Adventure ProductionsPAL:MixedBag,"July 6, 2018",
Warface,/wiki/Warface,Allods Team,My.com,"February 18, 2020",
Warframe,/wiki/Warframe,"Digital Extremes,Panic Button",Digital Extremes,"November 20, 2018",
Wargroove,/wiki/Wargroove,Chucklefish,Chucklefish,"February 1, 2019",
"Warhammer 40,000: Mechanicus","/wiki/Warhammer_40,000:_Mechanicus",Bulwark Studios,Kasedo Games,"July 17, 2020",
"Warhammer 40,000: Shootas, Blood and Teef","/wiki/Warhammer_40,000:_Shootas,_Blood_and_Teef",Rogueside,Rogueside,2022,
"Warhammer 40,000: Space Wolf","/wiki/Warhammer_40,000:_Space_Wolf",HeroCraft,HeroCraft,"January 23, 2020",
Warhammer Age of Sigmar: Champions,/wiki/Warhammer_Age_of_Sigmar:_Champions,Games Workshop,Playfusion,"April 16, 2019",
Warhammer Quest,/wiki/Warhammer_Quest_(video_game_series),Rodeo Games,Chilled Mouse,"February 26, 2019",
Warhammer Quest 2: The End Times,/wiki/Warhammer_Quest_2:_The_End_Times,Perchang Games,Chilled Mouse,"December 23, 2019",
WarioWare: Get It Together!,/wiki/WarioWare:_Get_It_Together!,"Intelligent Systems,Nintendo EPD",Nintendo,"September 10, 2021",
WarioWare: Move It!,/wiki/WarioWare:_Move_It!,"Intelligent Systems,Nintendo EPD",Nintendo,"November 3, 2023",
Warriors Orochi 3 Ultimate,/wiki/Warriors_Orochi_3_Ultimate,Omega Force,Koei Tecmo,"November 9, 2017",
Warriors Orochi 4,/wiki/Warriors_Orochi_4,Omega Force,Koei Tecmo,"September 27, 2018",
Warriors Orochi 4 Ultimate,/wiki/Warriors_Orochi_4_Ultimate,Omega Force,Koei Tecmo,"December 19, 2019",
Warsaw,,"Pixelated Milk, Crunching Koalas",Gaming Company,"October 1, 2020",
Wartales,/wiki/Wartales,Shiro Games,Shiro Unlimited,"September 14, 2023",
Wasteland 2: Director's Cut,/wiki/Wasteland_2:_Director%27s_Cut,inXile Entertainment,inXile Entertainment,"September 13, 2018",
The Watchmaker,,Micropsia Games,BadLand Publishing,"October 8, 2020",
The Way Remastered,/wiki/The_Way_Remastered,Sonka,Sonka,"April 20, 2018",
We Are OFK,/wiki/We_Are_OFK,Team OFK,Team OFK,"August 18, 2022",
Well Dweller,,Kyle Thompson,Top Hat Studios,2026,
Werewolf: The Apocalypse – Heart of the Forest,/wiki/Werewolf:_The_Apocalypse_%E2%80%93_Heart_of_the_Forest,Different Tales,Walkabout Games,"January 7, 2021",
West of Dead,,Upstream Arcade,Raw Fury,"August 26, 2020",
West of Loathing,/wiki/West_of_Loathing,Asymmetric Publications,Asymmetric Publications,"May 31, 2018",
What the Golf?,/wiki/What_the_Golf%3F,Triband,Triband,"May 21, 2020",
What Lies in the Multiverse,,"Studio Voyager, IguanaBee",Untold Tales,2022,
What Remains of Edith Finch,/wiki/What_Remains_of_Edith_Finch,Giant Sparrow,Annapurna Interactive,"July 4, 2019",
Wheel of Fortune,/wiki/Wheel_of_Fortune_video_games,Ubisoft,Ubisoft,"October 30, 2018",
Wheels of Aurelia,/wiki/Wheels_of_Aurelia,Santa Ragione,MixedBag,"November 2, 2017",
When the Past Was Around,/wiki/When_the_Past_Was_Around,"Toge Productions, Mojiken Studio",Chorus Worldwide,"December 15, 2020",
When Ski Lifts Go Wrong,/wiki/When_Ski_Lifts_Go_Wrong,Hugecalf Studios,JP:Digital BardsWW:Curve Digital,"January 23, 2019",
Where Cards Fall,/wiki/Where_Cards_Fall,The Game Band,Snowman,"November 4, 2021",
Where the Water Tastes Like Wine,/wiki/Where_the_Water_Tastes_Like_Wine,"Dim Bulb Games, Serenity Forge",Serenity Forge,"November 29, 2019",
Whispering Willows,/wiki/Whispering_Willows,Night Light Interactive,Akupara Games,"September 27, 2018",
White Girl,,Otorakobo,Otorakobo,"September 2, 2021",
Who Wants to Be a Millionaire?,/wiki/Who_Wants_to_Be_a_Millionaire%3F,Appeal Studios,Microids,"October 29, 2020",
The Wild at Heart,/wiki/The_Wild_at_Heart,Moonlight Kids,Humble Games,"November 16, 2021",
Wild Bastards,,Blue Manchu,Maximum Entertainment,"September 12, 2024",
Wildfrost,/wiki/Wildfrost,Deadpan Games,Chucklefish,"April 12, 2023",
Wild Guns Reloaded,/wiki/Wild_Guns_Reloaded,Natsume Atari,JP:Natsume AtariWW:Natsume Inc.,"April 17, 2018",
Wilmot's Warehouse,/wiki/Wilmot%27s_Warehouse,Finji,Finji,"August 29, 2019",
Windbound,,5 Lives Studios,Deep Silver,"August 28, 2020",
Windjammers,/wiki/Windjammers_(video_game),Dotemu,Dotemu,"October 23, 2018",
Windjammers 2,/wiki/Windjammers_2,Dotemu,Dotemu,"January 20, 2022",
Windscape,,Magic Sandbox,Headup Games,"March 27, 2019",
Wing of Darkness,,Production Exabilities,Clouded Leopard Entertainment,"June 3, 2021",
Wing of the Asteria,,Pixel,Pixel,2021,
Wingspan,/wiki/Wingspan_(video_game),Monster Couch,Monster Couch,"December 29, 2020",
Winning Post 8 2017,/wiki/Winning_Post_8_2017,Koei Tecmo,Koei Tecmo,"September 14, 2017",
Winning Post 8 2018,/wiki/Winning_Post_8_2018,Koei Tecmo,Koei Tecmo,"March 15, 2018",
Winning Post 9,/wiki/Winning_Post_9,Koei Tecmo,Koei Tecmo,"March 28, 2019",
Winning Post 9 2020,/wiki/Winning_Post_9_2020,Koei Tecmo,Koei Tecmo,"March 12, 2020",
Winning Post 9 2021,/wiki/Winning_Post_9_2021,Koei Tecmo,Koei Tecmo,"April 15, 2021",
Winning Post 9 2022,/wiki/Winning_Post,Koei Tecmo,Koei Tecmo,"April 14, 2022",
Wintermoor Tactics Club,/wiki/Wintermoor_Tactics_Club,EVC,Versus Evil,"September 10, 2020",
Winter Burrow,,Pine Creek Games,Noodlecake,2025,
Witch and Hero,,"RSF, Flyhigh Works",Flyhigh Works,"March 21, 2019",
Witch and Hero II,,"RSF, Flyhigh Works",Flyhigh Works,"December 19, 2019",
Witch on the Holy Night,/wiki/Witch_on_the_Holy_Night,Type-Moon,Aniplex,"December 8, 2022",
WitchSpring3 Re:Fine – The Story of Eirudy,/wiki/WitchSpring3_Re:Fine_%E2%80%93_The_Story_of_Eirudy,Kiwi Walks,"G Choice, Artdink","December 17, 2020",
The Witcher 3: Wild Hunt,/wiki/The_Witcher_3:_Wild_Hunt,Saber Interactive,CD Projekt Red,"October 15, 2019",
Wizard of Legend,/wiki/Wizard_of_Legend,Contingent99,Humble Bundle,"May 15, 2018",
Wizard's Symphony,,Arc System Works,Arc System Works,"February 28, 2019",
Wizard with a Gun,/wiki/Wizard_with_a_Gun,Galvanic Games,Devolver Digital,"October 17, 2023",
Wolfenstein II: The New Colossus,/wiki/Wolfenstein_II:_The_New_Colossus,MachineGames,Bethesda Softworks,"June 29, 2018",
Wolfenstein: Youngblood,/wiki/Wolfenstein:_Youngblood,MachineGames,Bethesda Softworks,"July 26, 2019",
Wolfstride,,OTA IMON Studio,Raw Fury,"May 10, 2022",
Wonder Boy: Asha in Monster World,/wiki/Wonder_Boy:_Asha_in_Monster_World,Artdink,JP:G ChoiceWW:Inin Games,"April 22, 2021",
Wonder Boy: The Dragon's Trap,/wiki/Wonder_Boy:_The_Dragon%27s_Trap,Lizardcube,Dotemu,"April 18, 2017",
Wonder Boy Returns Remix,/wiki/Wonder_Boy_Returns_Remix,CFK,Sega,"May 23, 2019",
The Wonderful 101: Remastered,/wiki/The_Wonderful_101:_Remastered,PlatinumGames,PlatinumGames,"May 19, 2020",
Woodle Tree 2: Deluxe,,Chubby Pixel,Chubby Pixel,"July 25, 2019",
Woodsalt,,Team Woodsalt,Team Woodsalt,"December 9, 2020",
Working Zombies,,Jupiter Corporation,Jupiter Corporation,"June 18, 2020",
World-Wide Adventure! Collection 2,,PLiCY,PLiCY,"December 19, 2019",
World End Syndrome,/wiki/World_End_Syndrome,Toybox Games,Arc System Works,"August 30, 2018",
The World Ends with You: Final Remix,/wiki/The_World_Ends_with_You:_Final_Remix,"Jupiter Corporation,Square Enix",Square Enix,"September 27, 2018",
World of Final Fantasy Maxima,/wiki/World_of_Final_Fantasy_Maxima,Tose,Square Enix,"November 6, 2018",
World of Goo,/wiki/World_of_Goo,2D Boy,Tomorrow Corporation,"March 16, 2017",
World of Horror,/wiki/World_of_Horror,Panstasz,Ysbryd Games,"October 26, 2023",
World of Tanks Blitz,/wiki/World_of_Tanks_Blitz,Wargaming,Wargaming,"August 26, 2020",
World for Two,,Seventh Rank,Room6,"September 16, 2020",
World to the West,,Rain Games,JP:Flyhigh WorksWW:Rain Games,"January 18, 2018",
WorldNeverland: Elnea Kingdom,,Althi,Althi,"March 15, 2018",
World's End Club,/wiki/World%27s_End_Club,Too Kyo Games,Izanagi Games,"May 27, 2021",
World War Z,/wiki/World_War_Z_(2019_video_game),Saber Interactive,Mad Dog Games,"November 2, 2021",
Worms Armageddon: Anniversary Edition,/wiki/Worms_Armageddon,Team17,Team17,"September 26, 2024",
Worms Rumble,/wiki/Worms_Rumble,Team17,Team17,"June 23, 2021",
Worms W.M.D,/wiki/Worms_W.M.D,Team17,Team17,"November 23, 2017",
Wrath: Aeon of Ruin,/wiki/Wrath:_Aeon_of_Ruin,KillPixel Games,"3D Realms,1C Entertainment","February 25, 2021",
WRC 8,/wiki/WRC_8,Kylotonn Games,Bigben Interactive,"November 14, 2019",
WRC 9,/wiki/WRC_9,Kylotonn Games,Nacon,"March 11, 2021",
WRC 10,/wiki/WRC_10,Kylotonn Games,Nacon,TBA,
Wreckfest,/wiki/Wreckfest,Bugbear Entertainment,THQ Nordic,"June 21, 2022",
Wrestling Empire,/wiki/Wrestling_Empire,MDickie,MDickie,"January 11, 2021",
WWE 2K Battlegrounds,/wiki/WWE_2K_Battlegrounds,Saber Interactive,JP:Take-Two InteractiveWW:2K Sports,"September 18, 2020",
WWE 2K18,/wiki/WWE_2K18,"Yuke's,Visual Concepts",2K Sports,"December 6, 2017",
Wytchwood,/wiki/Wytchwood,Alientrap,"Whitethorn Games, Whisper Games","December 9, 2021",
Xiaomei and the Flame Dragon's Fist,/wiki/Kung-Fu_Master_(video_game)#Sequels_and_successors,PiXEL,Leoful,"March 31, 2023",
Xcom 2 Collection,/wiki/Xcom_2_Collection,Firaxis Games,2K Games,"May 29, 2020",
Xenoblade Chronicles: Definitive Edition,/wiki/Xenoblade_Chronicles:_Definitive_Edition,Monolith Soft,Nintendo,"May 29, 2020",
Xenoblade Chronicles 2,/wiki/Xenoblade_Chronicles_2,Monolith Soft,Nintendo,"December 1, 2017",
Xenoblade Chronicles 2: Torna – The Golden Country,/wiki/Xenoblade_Chronicles_2:_Torna_%E2%80%93_The_Golden_Country,Monolith Soft,Nintendo,"September 14, 2018",
Xenoblade Chronicles 3,/wiki/Xenoblade_Chronicles_3,Monolith Soft,Nintendo,"July 29, 2022",
Xenoblade Chronicles X: Definitive Edition,/wiki/Xenoblade_Chronicles_X,Monolith Soft,Nintendo,"March 20, 2025",
Xeno Crisis,/wiki/Xeno_Crisis,Bitmap Bureau,Bitmap Bureau,"October 28, 2018",
Xenon Racer,/wiki/Xenon_Racer,3D Clouds,Soedesco,"March 26, 2019",
Xeodrifter,/wiki/Xeodrifter,Atooi,Atooi,"February 15, 2018",
XIII,/wiki/XIII_(2020_video_game),PlayMagic,Microids,"September 13, 2022",
Xtreme Sports,/wiki/Xtreme_Sports_(video_game),WayForward,WayForward,TBA,
Yaga,,Breadcrumbs Interactive,Versus Evil,"November 12, 2019",
Yakuza Kiwami,/wiki/Yakuza_Kiwami,Ryu Ga Gotoku Studio,Sega,"October 24, 2024",
Yars: Recharged,/wiki/Yars:_Recharged,Adamvision Studios,Atari,"August 23, 2022",
Yars Rising,/wiki/Yars_Rising,WayForward,Atari,"September 10, 2024",
"Yeah! You Want ""Those Games,"" Right? So Here You Go! Now, Let's See You Clear Them!","/wiki/Yeah!_You_Want_%22Those_Games,%22_Right%3F_So_Here_You_Go!_Now,_Let%27s_See_You_Clear_Them!",Monkeycraft Co. Ltd.,D3 Publisher,"July 19, 2023",
"Yeah! You Want ""Those Games,"" Right? So Here You Go! Now, Let's See You Clear Them! 2",,Monkeycraft Co. Ltd.,D3 Publisher,"July 17, 2024",
"Yes, Your Grace","/wiki/Yes,_Your_Grace",Brave at Night,No More Robots,"June 26, 2020",
Yesterday Origins,/wiki/Yesterday_Origins,Pendulo Studios,Microids,"May 31, 2018",
YesterMorrow,/wiki/YesterMorrow,Bitmap Galaxy,JP:OrendaWW:Blowfish Studios,"November 5, 2020",
YIIK: A Postmodern RPG,/wiki/YIIK:_A_Postmodern_RPG,Ackk Studios,Ackk Studios,"January 17, 2019",
Yo-kai Watch,/wiki/Yo-kai_Watch_(video_game),Level-5,Level-5,"October 10, 2019",
Yo-kai Watch 4,/wiki/Yo-kai_Watch_4,Level-5,Level-5,"June 20, 2019",
Yo-kai Academy Y,,Level-5,Level-5,"August 13, 2020",
Yobarai Detective: Miasma Breaker,,Mebius,Mebius,"January 16, 2025",
Yōdanji,/wiki/Y%C5%8Ddanji,Kemco,Kemco,"December 7, 2017",
Yoiyami Dreamer: Voice of the Dreambringer,,Tripper Room,Mediascape,"July 25, 2019",
Yoku's Island Express,/wiki/Yoku%27s_Island_Express,Villa Gorilla,Team17,"May 29, 2018",
Yomawari 3,,Nippon Ichi Software,Nippon Ichi Software,"April 21, 2022",
Yomawari: The Long Night Collection,/wiki/Yomawari:_The_Long_Night_Collection,Nippon Ichi Software,NIS America,"October 25, 2018",
Yonder: The Cloud Catcher Chronicles,/wiki/Yonder:_The_Cloud_Catcher_Chronicles,Prideful Sloth,Prideful Sloth,"May 17, 2018",
Yono and the Celestial Elephants,,Neckbolt Games,Neckbolt Games,"October 12, 2017",
Yooka-Laylee,/wiki/Yooka-Laylee,Playtonic Games,Team17,"December 14, 2017",
Yooka-Laylee and the Impossible Lair,/wiki/Yooka-Laylee_and_the_Impossible_Lair,Playtonic Games,Team17,"October 8, 2019",
"Yoru, Tomosu",,Nippon Ichi Software,Nippon Ichi Software,"July 30, 2020",
Yoshi's Crafted World,/wiki/Yoshi%27s_Crafted_World,Good-Feel,Nintendo,"March 29, 2019",
Youropa,,Frecle,Frecle,TBA,
Ys Origin,/wiki/Ys_Origin,Nihon Falcom,Nihon Falcom,"October 1, 2020",
Ys Memoire: The Oath in Felghana,/wiki/Ys_Memoire:_The_Oath_in_Felghana,Nihon Falcom,Nihon Falcom,"April 27, 2023",
Ys VIII: Lacrimosa of Dana,/wiki/Ys_VIII:_Lacrimosa_of_Dana,Nihon Falcom,JP:Nippon Ichi SoftwareWW:NIS America,"June 26, 2018",
Ys IX: Monstrum Nox,/wiki/Ys_IX:_Monstrum_Nox,Nihon Falcom,JP:Nippon Ichi SoftwareWW:NIS America,"July 6, 2021",
Ys X: Nordics,/wiki/Ys_X:_Nordics,Nihon Falcom,JP:Nippon Ichi SoftwareWW:NIS America,"September 28, 2023",
Yu-Gi-Oh! Legacy of the Duelist: Link Evolution,/wiki/Yu-Gi-Oh!_Legacy_of_the_Duelist:_Link_Evolution,Konami,Konami,"April 25, 2019",
Yu-Gi-Oh! Master Duel,/wiki/Yu-Gi-Oh!_Master_Duel,Konami,Konami,"January 18, 2022",
Yu-Gi-Oh! Rush Duel: Dawn of the Battle Royale,/wiki/Yu-Gi-Oh!_Rush_Duel_Saikyo_Battle_Royale,Konami,Konami,"August 12, 2021",
Yu-No: A Girl Who Chants Love at the Bound of this World,/wiki/Yu-No:_A_Girl_Who_Chants_Love_at_the_Bound_of_this_World,5pb.,JP:5pb.WW:Spike Chunsoft,"March 14, 2019",
Yume Nikki: Dream Diary,/wiki/Yume_Nikki:_Dream_Diary,Active Gaming Media,Active Gaming Media,"February 21, 2019",
Yumeutsutsu Re:Master,,Kogado Studio,JP:Kogado StudioWW:Degica Games,"April 23, 2020",
Yunohana Spring! Mellow Times,,Design Factory,Idea Factory,"February 28, 2019",
Yuppie Psycho: Executive Edition,/wiki/Yuppie_Psycho,Baroque Decay,Another Indie,"October 29, 2020",
Yurukill: The Calumniation Games,/wiki/Yurukill:_The_Calumniation_Games,G.Rev,JP:Izanagi GamesWW:NIS America,"May 26, 2022",
Yuukyuu Gensoukyoku Revival,,VRIDGE,Taito,2025,
Zengeon,,IndieLeague Studio,PQube,"August 6, 2021",
Zen Bound 2,/wiki/Zen_Bound_2,Secret Exit,Secret Exit,"May 24, 2018",
Zero to Dance Hero,,SmileBoom,Imagineer,"December 21, 2023",
Ziggurat,/wiki/Ziggurat_(2014_video_game),Milkstone Studios,Milkstone Studios,"July 5, 2019",
Zoids Wild: Blast Unleashed,/wiki/Zoids_Wild:_Blast_Unleashed,Eighting,JP:Takara TomyWW:Outright Games,"February 28, 2019",
Zoids Wild: Infinity Blast,/wiki/Zoids_Wild:_Infinity_Blast,Takara Tomy,Takara Tomy,"November 26, 2020",
Zombie Army 4: Dead War,/wiki/Zombie_Army_4:_Dead_War,Rebellion Developments,Rebellion Developments,"April 29, 2022",
Zombie Army Trilogy,/wiki/Zombie_Army_Trilogy,Rebellion Developments,Rebellion Developments,"March 31, 2020",
Zombie Driver: Immortal Edition,/wiki/Zombie_Driver:_Immortal_Edition,Exor Studios,JP:Digital BardsWW:Exor Studios,"July 25, 2019",
Zombieland: Double Tap – Road Trip,/wiki/Zombieland:_Double_Tap_%E2%80%93_Road_Trip,High Voltage Software,NA:GameMill EntertainmentEU:Maximum Games,"October 15, 2019",
Zombies Ate My Neighbors,/wiki/Zombies_Ate_My_Neighbors,Dotemu,Lucasfilm Games,"June 29, 2021",
Zorya: The Celestial Sisters,,MadLife Divertissment,TLM Partners,"February 8, 2022",
Zumba: Burn it Up!,/wiki/Zumba:_Burn_it_Up!,Kuju Games,505 Games,"November 19, 2019",
